name,email,password
User01,user01@theotokus.dev,pwd123
User02,user02@theotokus.dev,pwd123
User03,user03@theotokus.dev,pwd123
User04,user04@theotokus.dev,pwd123
User05,user05@theotokus.dev,pwd123
User06,user06@theotokus.dev,pwd123
User07,user07@theotokus.dev,pwd123
User08,user08@theotokus.dev,pwd123
User09,user09@theotokus.dev,pwd123
User10,user10@theotokus.dev,pwd123
User11,user11@theotokus.dev,pwd123
User12,user12@theotokus.dev,pwd123
User13,user13@theotokus.dev,pwd123
User14,user14@theotokus.dev,pwd123
User15,user15@theotokus.dev,pwd123
User16,user16@theotokus.dev,pwd123
User17,user17@theotokus.dev,pwd123
User18,user18@theotokus.dev,pwd123
User19,user19@theotokus.dev,pwd123
User20,user20@theotokus.dev,pwd123
User21,user21@theotokus.dev,pwd123
User22,user22@theotokus.dev,pwd123
User23,user23@theotokus.dev,pwd123
User24,user24@theotokus.dev,pwd123
User25,user25@theotokus.dev,pwd123
User26,user26@theotokus.dev,pwd123
User27,user27@theotokus.dev,pwd123
User28,user28@theotokus.dev,pwd123
User29,user29@theotokus.dev,pwd123
User30,user30@theotokus.dev,pwd123
User31,user31@theotokus.dev,pwd123
User32,user32@theotokus.dev,pwd123
User33,user33@theotokus.dev,pwd123
User34,user34@theotokus.dev,pwd123
User35,user35@theotokus.dev,pwd123
User36,user36@theotokus.dev,pwd123
User37,user37@theotokus.dev,pwd123
User38,user38@theotokus.dev,pwd123
User39,user39@theotokus.dev,pwd123
User40,user40@theotokus.dev,pwd123
User41,user41@theotokus.dev,pwd123
User42,user42@theotokus.dev,pwd123
User43,user43@theotokus.dev,pwd123
User44,user44@theotokus.dev,pwd123
User45,user45@theotokus.dev,pwd123
User46,user46@theotokus.dev,pwd123
User47,user47@theotokus.dev,pwd123
User48,user48@theotokus.dev,pwd123
User49,user49@theotokus.dev,pwd123
User50,user50@theotokus.dev,pwd123
User51,user51@theotokus.dev,pwd123
User52,user52@theotokus.dev,pwd123
User53,user53@theotokus.dev,pwd123
User54,user54@theotokus.dev,pwd123
User55,user55@theotokus.dev,pwd123
User56,user56@theotokus.dev,pwd123
User57,user57@theotokus.dev,pwd123
User58,user58@theotokus.dev,pwd123
User59,user59@theotokus.dev,pwd123
User60,user60@theotokus.dev,pwd123
User61,user61@theotokus.dev,pwd123
User62,user62@theotokus.dev,pwd123
User63,user63@theotokus.dev,pwd123
User64,user64@theotokus.dev,pwd123
User65,user65@theotokus.dev,pwd123
User66,user66@theotokus.dev,pwd123
User67,user67@theotokus.dev,pwd123
User68,user68@theotokus.dev,pwd123
User69,user69@theotokus.dev,pwd123
User70,user70@theotokus.dev,pwd123
User71,user71@theotokus.dev,pwd123
User72,user72@theotokus.dev,pwd123
User73,user73@theotokus.dev,pwd123
User74,user74@theotokus.dev,pwd123
User75,user75@theotokus.dev,pwd123
User76,user76@theotokus.dev,pwd123
User77,user77@theotokus.dev,pwd123
User78,user78@theotokus.dev,pwd123
User79,user79@theotokus.dev,pwd123
User80,user80@theotokus.dev,pwd123
User81,user81@theotokus.dev,pwd123
User82,user82@theotokus.dev,pwd123
User83,user83@theotokus.dev,pwd123
User84,user84@theotokus.dev,pwd123
User85,user85@theotokus.dev,pwd123
User86,user86@theotokus.dev,pwd123
User87,user87@theotokus.dev,pwd123
User88,user88@theotokus.dev,pwd123
User89,user89@theotokus.dev,pwd123
User90,user90@theotokus.dev,pwd123
User91,user91@theotokus.dev,pwd123
User92,user92@theotokus.dev,pwd123
User93,user93@theotokus.dev,pwd123
User94,user94@theotokus.dev,pwd123
User95,user95@theotokus.dev,pwd123
User96,user96@theotokus.dev,pwd123
User97,user97@theotokus.dev,pwd123
User98,user98@theotokus.dev,pwd123
User99,user99@theotokus.dev,pwd123
User100,user100@theotokus.dev,pwd123
User101,user101@theotokus.dev,pwd123
User102,user102@theotokus.dev,pwd123
User103,user103@theotokus.dev,pwd123
User104,user104@theotokus.dev,pwd123
User105,user105@theotokus.dev,pwd123
User106,user106@theotokus.dev,pwd123
User107,user107@theotokus.dev,pwd123
User108,user108@theotokus.dev,pwd123
User109,user109@theotokus.dev,pwd123
User110,user110@theotokus.dev,pwd123
User111,user111@theotokus.dev,pwd123
User112,user112@theotokus.dev,pwd123
User113,user113@theotokus.dev,pwd123
User114,user114@theotokus.dev,pwd123
User115,user115@theotokus.dev,pwd123
User116,user116@theotokus.dev,pwd123
User117,user117@theotokus.dev,pwd123
User118,user118@theotokus.dev,pwd123
User119,user119@theotokus.dev,pwd123
User120,user120@theotokus.dev,pwd123
User121,user121@theotokus.dev,pwd123
User122,user122@theotokus.dev,pwd123
User123,user123@theotokus.dev,pwd123
User124,user124@theotokus.dev,pwd123
User125,user125@theotokus.dev,pwd123
User126,user126@theotokus.dev,pwd123
User127,user127@theotokus.dev,pwd123
User128,user128@theotokus.dev,pwd123
User129,user129@theotokus.dev,pwd123
User130,user130@theotokus.dev,pwd123
User131,user131@theotokus.dev,pwd123
User132,user132@theotokus.dev,pwd123
User133,user133@theotokus.dev,pwd123
User134,user134@theotokus.dev,pwd123
User135,user135@theotokus.dev,pwd123
User136,user136@theotokus.dev,pwd123
User137,user137@theotokus.dev,pwd123
User138,user138@theotokus.dev,pwd123
User139,user139@theotokus.dev,pwd123
User140,user140@theotokus.dev,pwd123
User141,user141@theotokus.dev,pwd123
User142,user142@theotokus.dev,pwd123
User143,user143@theotokus.dev,pwd123
User144,user144@theotokus.dev,pwd123
User145,user145@theotokus.dev,pwd123
User146,user146@theotokus.dev,pwd123
User147,user147@theotokus.dev,pwd123
User148,user148@theotokus.dev,pwd123
User149,user149@theotokus.dev,pwd123
User150,user150@theotokus.dev,pwd123
User151,user151@theotokus.dev,pwd123
User152,user152@theotokus.dev,pwd123
User153,user153@theotokus.dev,pwd123
User154,user154@theotokus.dev,pwd123
User155,user155@theotokus.dev,pwd123
User156,user156@theotokus.dev,pwd123
User157,user157@theotokus.dev,pwd123
User158,user158@theotokus.dev,pwd123
User159,user159@theotokus.dev,pwd123
User160,user160@theotokus.dev,pwd123
User161,user161@theotokus.dev,pwd123
User162,user162@theotokus.dev,pwd123
User163,user163@theotokus.dev,pwd123
User164,user164@theotokus.dev,pwd123
User165,user165@theotokus.dev,pwd123
User166,user166@theotokus.dev,pwd123
User167,user167@theotokus.dev,pwd123
User168,user168@theotokus.dev,pwd123
User169,user169@theotokus.dev,pwd123
User170,user170@theotokus.dev,pwd123
User171,user171@theotokus.dev,pwd123
User172,user172@theotokus.dev,pwd123
User173,user173@theotokus.dev,pwd123
User174,user174@theotokus.dev,pwd123
User175,user175@theotokus.dev,pwd123
User176,user176@theotokus.dev,pwd123
User177,user177@theotokus.dev,pwd123
User178,user178@theotokus.dev,pwd123
User179,user179@theotokus.dev,pwd123
User180,user180@theotokus.dev,pwd123
User181,user181@theotokus.dev,pwd123
User182,user182@theotokus.dev,pwd123
User183,user183@theotokus.dev,pwd123
User184,user184@theotokus.dev,pwd123
User185,user185@theotokus.dev,pwd123
User186,user186@theotokus.dev,pwd123
User187,user187@theotokus.dev,pwd123
User188,user188@theotokus.dev,pwd123
User189,user189@theotokus.dev,pwd123
User190,user190@theotokus.dev,pwd123
User191,user191@theotokus.dev,pwd123
User192,user192@theotokus.dev,pwd123
User193,user193@theotokus.dev,pwd123
User194,user194@theotokus.dev,pwd123
User195,user195@theotokus.dev,pwd123
User196,user196@theotokus.dev,pwd123
User197,user197@theotokus.dev,pwd123
User198,user198@theotokus.dev,pwd123
User199,user199@theotokus.dev,pwd123
User200,user200@theotokus.dev,pwd123
User201,user201@theotokus.dev,pwd123
User202,user202@theotokus.dev,pwd123
User203,user203@theotokus.dev,pwd123
User204,user204@theotokus.dev,pwd123
User205,user205@theotokus.dev,pwd123
User206,user206@theotokus.dev,pwd123
User207,user207@theotokus.dev,pwd123
User208,user208@theotokus.dev,pwd123
User209,user209@theotokus.dev,pwd123
User210,user210@theotokus.dev,pwd123
User211,user211@theotokus.dev,pwd123
User212,user212@theotokus.dev,pwd123
User213,user213@theotokus.dev,pwd123
User214,user214@theotokus.dev,pwd123
User215,user215@theotokus.dev,pwd123
User216,user216@theotokus.dev,pwd123
User217,user217@theotokus.dev,pwd123
User218,user218@theotokus.dev,pwd123
User219,user219@theotokus.dev,pwd123
User220,user220@theotokus.dev,pwd123
User221,user221@theotokus.dev,pwd123
User222,user222@theotokus.dev,pwd123
User223,user223@theotokus.dev,pwd123
User224,user224@theotokus.dev,pwd123
User225,user225@theotokus.dev,pwd123
User226,user226@theotokus.dev,pwd123
User227,user227@theotokus.dev,pwd123
User228,user228@theotokus.dev,pwd123
User229,user229@theotokus.dev,pwd123
User230,user230@theotokus.dev,pwd123
User231,user231@theotokus.dev,pwd123
User232,user232@theotokus.dev,pwd123
User233,user233@theotokus.dev,pwd123
User234,user234@theotokus.dev,pwd123
User235,user235@theotokus.dev,pwd123
User236,user236@theotokus.dev,pwd123
User237,user237@theotokus.dev,pwd123
User238,user238@theotokus.dev,pwd123
User239,user239@theotokus.dev,pwd123
User240,user240@theotokus.dev,pwd123
User241,user241@theotokus.dev,pwd123
User242,user242@theotokus.dev,pwd123
User243,user243@theotokus.dev,pwd123
User244,user244@theotokus.dev,pwd123
User245,user245@theotokus.dev,pwd123
User246,user246@theotokus.dev,pwd123
User247,user247@theotokus.dev,pwd123
User248,user248@theotokus.dev,pwd123
User249,user249@theotokus.dev,pwd123
User250,user250@theotokus.dev,pwd123
User251,user251@theotokus.dev,pwd123
User252,user252@theotokus.dev,pwd123
User253,user253@theotokus.dev,pwd123
User254,user254@theotokus.dev,pwd123
User255,user255@theotokus.dev,pwd123
User256,user256@theotokus.dev,pwd123
User257,user257@theotokus.dev,pwd123
User258,user258@theotokus.dev,pwd123
User259,user259@theotokus.dev,pwd123
User260,user260@theotokus.dev,pwd123
User261,user261@theotokus.dev,pwd123
User262,user262@theotokus.dev,pwd123
User263,user263@theotokus.dev,pwd123
User264,user264@theotokus.dev,pwd123
User265,user265@theotokus.dev,pwd123
User266,user266@theotokus.dev,pwd123
User267,user267@theotokus.dev,pwd123
User268,user268@theotokus.dev,pwd123
User269,user269@theotokus.dev,pwd123
User270,user270@theotokus.dev,pwd123
User271,user271@theotokus.dev,pwd123
User272,user272@theotokus.dev,pwd123
User273,user273@theotokus.dev,pwd123
User274,user274@theotokus.dev,pwd123
User275,user275@theotokus.dev,pwd123
User276,user276@theotokus.dev,pwd123
User277,user277@theotokus.dev,pwd123
User278,user278@theotokus.dev,pwd123
User279,user279@theotokus.dev,pwd123
User280,user280@theotokus.dev,pwd123
User281,user281@theotokus.dev,pwd123
User282,user282@theotokus.dev,pwd123
User283,user283@theotokus.dev,pwd123
User284,user284@theotokus.dev,pwd123
User285,user285@theotokus.dev,pwd123
User286,user286@theotokus.dev,pwd123
User287,user287@theotokus.dev,pwd123
User288,user288@theotokus.dev,pwd123
User289,user289@theotokus.dev,pwd123
User290,user290@theotokus.dev,pwd123
User291,user291@theotokus.dev,pwd123
User292,user292@theotokus.dev,pwd123
User293,user293@theotokus.dev,pwd123
User294,user294@theotokus.dev,pwd123
User295,user295@theotokus.dev,pwd123
User296,user296@theotokus.dev,pwd123
User297,user297@theotokus.dev,pwd123
User298,user298@theotokus.dev,pwd123
User299,user299@theotokus.dev,pwd123
User300,user300@theotokus.dev,pwd123
User301,user301@theotokus.dev,pwd123
User302,user302@theotokus.dev,pwd123
User303,user303@theotokus.dev,pwd123
User304,user304@theotokus.dev,pwd123
User305,user305@theotokus.dev,pwd123
User306,user306@theotokus.dev,pwd123
User307,user307@theotokus.dev,pwd123
User308,user308@theotokus.dev,pwd123
User309,user309@theotokus.dev,pwd123
User310,user310@theotokus.dev,pwd123
User311,user311@theotokus.dev,pwd123
User312,user312@theotokus.dev,pwd123
User313,user313@theotokus.dev,pwd123
User314,user314@theotokus.dev,pwd123
User315,user315@theotokus.dev,pwd123
User316,user316@theotokus.dev,pwd123
User317,user317@theotokus.dev,pwd123
User318,user318@theotokus.dev,pwd123
User319,user319@theotokus.dev,pwd123
User320,user320@theotokus.dev,pwd123
User321,user321@theotokus.dev,pwd123
User322,user322@theotokus.dev,pwd123
User323,user323@theotokus.dev,pwd123
User324,user324@theotokus.dev,pwd123
User325,user325@theotokus.dev,pwd123
User326,user326@theotokus.dev,pwd123
User327,user327@theotokus.dev,pwd123
User328,user328@theotokus.dev,pwd123
User329,user329@theotokus.dev,pwd123
User330,user330@theotokus.dev,pwd123
User331,user331@theotokus.dev,pwd123
User332,user332@theotokus.dev,pwd123
User333,user333@theotokus.dev,pwd123
User334,user334@theotokus.dev,pwd123
User335,user335@theotokus.dev,pwd123
User336,user336@theotokus.dev,pwd123
User337,user337@theotokus.dev,pwd123
User338,user338@theotokus.dev,pwd123
User339,user339@theotokus.dev,pwd123
User340,user340@theotokus.dev,pwd123
User341,user341@theotokus.dev,pwd123
User342,user342@theotokus.dev,pwd123
User343,user343@theotokus.dev,pwd123
User344,user344@theotokus.dev,pwd123
User345,user345@theotokus.dev,pwd123
User346,user346@theotokus.dev,pwd123
User347,user347@theotokus.dev,pwd123
User348,user348@theotokus.dev,pwd123
User349,user349@theotokus.dev,pwd123
User350,user350@theotokus.dev,pwd123
User351,user351@theotokus.dev,pwd123
User352,user352@theotokus.dev,pwd123
User353,user353@theotokus.dev,pwd123
User354,user354@theotokus.dev,pwd123
User355,user355@theotokus.dev,pwd123
User356,user356@theotokus.dev,pwd123
User357,user357@theotokus.dev,pwd123
User358,user358@theotokus.dev,pwd123
User359,user359@theotokus.dev,pwd123
User360,user360@theotokus.dev,pwd123
User361,user361@theotokus.dev,pwd123
User362,user362@theotokus.dev,pwd123
User363,user363@theotokus.dev,pwd123
User364,user364@theotokus.dev,pwd123
User365,user365@theotokus.dev,pwd123
User366,user366@theotokus.dev,pwd123
User367,user367@theotokus.dev,pwd123
User368,user368@theotokus.dev,pwd123
User369,user369@theotokus.dev,pwd123
User370,user370@theotokus.dev,pwd123
User371,user371@theotokus.dev,pwd123
User372,user372@theotokus.dev,pwd123
User373,user373@theotokus.dev,pwd123
User374,user374@theotokus.dev,pwd123
User375,user375@theotokus.dev,pwd123
User376,user376@theotokus.dev,pwd123
User377,user377@theotokus.dev,pwd123
User378,user378@theotokus.dev,pwd123
User379,user379@theotokus.dev,pwd123
User380,user380@theotokus.dev,pwd123
User381,user381@theotokus.dev,pwd123
User382,user382@theotokus.dev,pwd123
User383,user383@theotokus.dev,pwd123
User384,user384@theotokus.dev,pwd123
User385,user385@theotokus.dev,pwd123
User386,user386@theotokus.dev,pwd123
User387,user387@theotokus.dev,pwd123
User388,user388@theotokus.dev,pwd123
User389,user389@theotokus.dev,pwd123
User390,user390@theotokus.dev,pwd123
User391,user391@theotokus.dev,pwd123
User392,user392@theotokus.dev,pwd123
User393,user393@theotokus.dev,pwd123
User394,user394@theotokus.dev,pwd123
User395,user395@theotokus.dev,pwd123
User396,user396@theotokus.dev,pwd123
User397,user397@theotokus.dev,pwd123
User398,user398@theotokus.dev,pwd123
User399,user399@theotokus.dev,pwd123
User400,user400@theotokus.dev,pwd123
User401,user401@theotokus.dev,pwd123
User402,user402@theotokus.dev,pwd123
User403,user403@theotokus.dev,pwd123
User404,user404@theotokus.dev,pwd123
User405,user405@theotokus.dev,pwd123
User406,user406@theotokus.dev,pwd123
User407,user407@theotokus.dev,pwd123
User408,user408@theotokus.dev,pwd123
User409,user409@theotokus.dev,pwd123
User410,user410@theotokus.dev,pwd123
User411,user411@theotokus.dev,pwd123
User412,user412@theotokus.dev,pwd123
User413,user413@theotokus.dev,pwd123
User414,user414@theotokus.dev,pwd123
User415,user415@theotokus.dev,pwd123
User416,user416@theotokus.dev,pwd123
User417,user417@theotokus.dev,pwd123
User418,user418@theotokus.dev,pwd123
User419,user419@theotokus.dev,pwd123
User420,user420@theotokus.dev,pwd123
User421,user421@theotokus.dev,pwd123
User422,user422@theotokus.dev,pwd123
User423,user423@theotokus.dev,pwd123
User424,user424@theotokus.dev,pwd123
User425,user425@theotokus.dev,pwd123
User426,user426@theotokus.dev,pwd123
User427,user427@theotokus.dev,pwd123
User428,user428@theotokus.dev,pwd123
User429,user429@theotokus.dev,pwd123
User430,user430@theotokus.dev,pwd123
User431,user431@theotokus.dev,pwd123
User432,user432@theotokus.dev,pwd123
User433,user433@theotokus.dev,pwd123
User434,user434@theotokus.dev,pwd123
User435,user435@theotokus.dev,pwd123
User436,user436@theotokus.dev,pwd123
User437,user437@theotokus.dev,pwd123
User438,user438@theotokus.dev,pwd123
User439,user439@theotokus.dev,pwd123
User440,user440@theotokus.dev,pwd123
User441,user441@theotokus.dev,pwd123
User442,user442@theotokus.dev,pwd123
User443,user443@theotokus.dev,pwd123
User444,user444@theotokus.dev,pwd123
User445,user445@theotokus.dev,pwd123
User446,user446@theotokus.dev,pwd123
User447,user447@theotokus.dev,pwd123
User448,user448@theotokus.dev,pwd123
User449,user449@theotokus.dev,pwd123
User450,user450@theotokus.dev,pwd123
User451,user451@theotokus.dev,pwd123
User452,user452@theotokus.dev,pwd123
User453,user453@theotokus.dev,pwd123
User454,user454@theotokus.dev,pwd123
User455,user455@theotokus.dev,pwd123
User456,user456@theotokus.dev,pwd123
User457,user457@theotokus.dev,pwd123
User458,user458@theotokus.dev,pwd123
User459,user459@theotokus.dev,pwd123
User460,user460@theotokus.dev,pwd123
User461,user461@theotokus.dev,pwd123
User462,user462@theotokus.dev,pwd123
User463,user463@theotokus.dev,pwd123
User464,user464@theotokus.dev,pwd123
User465,user465@theotokus.dev,pwd123
User466,user466@theotokus.dev,pwd123
User467,user467@theotokus.dev,pwd123
User468,user468@theotokus.dev,pwd123
User469,user469@theotokus.dev,pwd123
User470,user470@theotokus.dev,pwd123
User471,user471@theotokus.dev,pwd123
User472,user472@theotokus.dev,pwd123
User473,user473@theotokus.dev,pwd123
User474,user474@theotokus.dev,pwd123
User475,user475@theotokus.dev,pwd123
User476,user476@theotokus.dev,pwd123
User477,user477@theotokus.dev,pwd123
User478,user478@theotokus.dev,pwd123
User479,user479@theotokus.dev,pwd123
User480,user480@theotokus.dev,pwd123
User481,user481@theotokus.dev,pwd123
User482,user482@theotokus.dev,pwd123
User483,user483@theotokus.dev,pwd123
User484,user484@theotokus.dev,pwd123
User485,user485@theotokus.dev,pwd123
User486,user486@theotokus.dev,pwd123
User487,user487@theotokus.dev,pwd123
User488,user488@theotokus.dev,pwd123
User489,user489@theotokus.dev,pwd123
User490,user490@theotokus.dev,pwd123
User491,user491@theotokus.dev,pwd123
User492,user492@theotokus.dev,pwd123
User493,user493@theotokus.dev,pwd123
User494,user494@theotokus.dev,pwd123
User495,user495@theotokus.dev,pwd123
User496,user496@theotokus.dev,pwd123
User497,user497@theotokus.dev,pwd123
User498,user498@theotokus.dev,pwd123
User499,user499@theotokus.dev,pwd123
User500,user500@theotokus.dev,pwd123
User501,user501@theotokus.dev,pwd123
User502,user502@theotokus.dev,pwd123
User503,user503@theotokus.dev,pwd123
User504,user504@theotokus.dev,pwd123
User505,user505@theotokus.dev,pwd123
User506,user506@theotokus.dev,pwd123
User507,user507@theotokus.dev,pwd123
User508,user508@theotokus.dev,pwd123
User509,user509@theotokus.dev,pwd123
User510,user510@theotokus.dev,pwd123
User511,user511@theotokus.dev,pwd123
User512,user512@theotokus.dev,pwd123
User513,user513@theotokus.dev,pwd123
User514,user514@theotokus.dev,pwd123
User515,user515@theotokus.dev,pwd123
User516,user516@theotokus.dev,pwd123
User517,user517@theotokus.dev,pwd123
User518,user518@theotokus.dev,pwd123
User519,user519@theotokus.dev,pwd123
User520,user520@theotokus.dev,pwd123
User521,user521@theotokus.dev,pwd123
User522,user522@theotokus.dev,pwd123
User523,user523@theotokus.dev,pwd123
User524,user524@theotokus.dev,pwd123
User525,user525@theotokus.dev,pwd123
User526,user526@theotokus.dev,pwd123
User527,user527@theotokus.dev,pwd123
User528,user528@theotokus.dev,pwd123
User529,user529@theotokus.dev,pwd123
User530,user530@theotokus.dev,pwd123
User531,user531@theotokus.dev,pwd123
User532,user532@theotokus.dev,pwd123
User533,user533@theotokus.dev,pwd123
User534,user534@theotokus.dev,pwd123
User535,user535@theotokus.dev,pwd123
User536,user536@theotokus.dev,pwd123
User537,user537@theotokus.dev,pwd123
User538,user538@theotokus.dev,pwd123
User539,user539@theotokus.dev,pwd123
User540,user540@theotokus.dev,pwd123
User541,user541@theotokus.dev,pwd123
User542,user542@theotokus.dev,pwd123
User543,user543@theotokus.dev,pwd123
User544,user544@theotokus.dev,pwd123
User545,user545@theotokus.dev,pwd123
User546,user546@theotokus.dev,pwd123
User547,user547@theotokus.dev,pwd123
User548,user548@theotokus.dev,pwd123
User549,user549@theotokus.dev,pwd123
User550,user550@theotokus.dev,pwd123
User551,user551@theotokus.dev,pwd123
User552,user552@theotokus.dev,pwd123
User553,user553@theotokus.dev,pwd123
User554,user554@theotokus.dev,pwd123
User555,user555@theotokus.dev,pwd123
User556,user556@theotokus.dev,pwd123
User557,user557@theotokus.dev,pwd123
User558,user558@theotokus.dev,pwd123
User559,user559@theotokus.dev,pwd123
User560,user560@theotokus.dev,pwd123
User561,user561@theotokus.dev,pwd123
User562,user562@theotokus.dev,pwd123
User563,user563@theotokus.dev,pwd123
User564,user564@theotokus.dev,pwd123
User565,user565@theotokus.dev,pwd123
User566,user566@theotokus.dev,pwd123
User567,user567@theotokus.dev,pwd123
User568,user568@theotokus.dev,pwd123
User569,user569@theotokus.dev,pwd123
User570,user570@theotokus.dev,pwd123
User571,user571@theotokus.dev,pwd123
User572,user572@theotokus.dev,pwd123
User573,user573@theotokus.dev,pwd123
User574,user574@theotokus.dev,pwd123
User575,user575@theotokus.dev,pwd123
User576,user576@theotokus.dev,pwd123
User577,user577@theotokus.dev,pwd123
User578,user578@theotokus.dev,pwd123
User579,user579@theotokus.dev,pwd123
User580,user580@theotokus.dev,pwd123
User581,user581@theotokus.dev,pwd123
User582,user582@theotokus.dev,pwd123
User583,user583@theotokus.dev,pwd123
User584,user584@theotokus.dev,pwd123
User585,user585@theotokus.dev,pwd123
User586,user586@theotokus.dev,pwd123
User587,user587@theotokus.dev,pwd123
User588,user588@theotokus.dev,pwd123
User589,user589@theotokus.dev,pwd123
User590,user590@theotokus.dev,pwd123
User591,user591@theotokus.dev,pwd123
User592,user592@theotokus.dev,pwd123
User593,user593@theotokus.dev,pwd123
User594,user594@theotokus.dev,pwd123
User595,user595@theotokus.dev,pwd123
User596,user596@theotokus.dev,pwd123
User597,user597@theotokus.dev,pwd123
User598,user598@theotokus.dev,pwd123
User599,user599@theotokus.dev,pwd123
User600,user600@theotokus.dev,pwd123
User601,user601@theotokus.dev,pwd123
User602,user602@theotokus.dev,pwd123
User603,user603@theotokus.dev,pwd123
User604,user604@theotokus.dev,pwd123
User605,user605@theotokus.dev,pwd123
User606,user606@theotokus.dev,pwd123
User607,user607@theotokus.dev,pwd123
User608,user608@theotokus.dev,pwd123
User609,user609@theotokus.dev,pwd123
User610,user610@theotokus.dev,pwd123
User611,user611@theotokus.dev,pwd123
User612,user612@theotokus.dev,pwd123
User613,user613@theotokus.dev,pwd123
User614,user614@theotokus.dev,pwd123
User615,user615@theotokus.dev,pwd123
User616,user616@theotokus.dev,pwd123
User617,user617@theotokus.dev,pwd123
User618,user618@theotokus.dev,pwd123
User619,user619@theotokus.dev,pwd123
User620,user620@theotokus.dev,pwd123
User621,user621@theotokus.dev,pwd123
User622,user622@theotokus.dev,pwd123
User623,user623@theotokus.dev,pwd123
User624,user624@theotokus.dev,pwd123
User625,user625@theotokus.dev,pwd123
User626,user626@theotokus.dev,pwd123
User627,user627@theotokus.dev,pwd123
User628,user628@theotokus.dev,pwd123
User629,user629@theotokus.dev,pwd123
User630,user630@theotokus.dev,pwd123
User631,user631@theotokus.dev,pwd123
User632,user632@theotokus.dev,pwd123
User633,user633@theotokus.dev,pwd123
User634,user634@theotokus.dev,pwd123
User635,user635@theotokus.dev,pwd123
User636,user636@theotokus.dev,pwd123
User637,user637@theotokus.dev,pwd123
User638,user638@theotokus.dev,pwd123
User639,user639@theotokus.dev,pwd123
User640,user640@theotokus.dev,pwd123
User641,user641@theotokus.dev,pwd123
User642,user642@theotokus.dev,pwd123
User643,user643@theotokus.dev,pwd123
User644,user644@theotokus.dev,pwd123
User645,user645@theotokus.dev,pwd123
User646,user646@theotokus.dev,pwd123
User647,user647@theotokus.dev,pwd123
User648,user648@theotokus.dev,pwd123
User649,user649@theotokus.dev,pwd123
User650,user650@theotokus.dev,pwd123
User651,user651@theotokus.dev,pwd123
User652,user652@theotokus.dev,pwd123
User653,user653@theotokus.dev,pwd123
User654,user654@theotokus.dev,pwd123
User655,user655@theotokus.dev,pwd123
User656,user656@theotokus.dev,pwd123
User657,user657@theotokus.dev,pwd123
User658,user658@theotokus.dev,pwd123
User659,user659@theotokus.dev,pwd123
User660,user660@theotokus.dev,pwd123
User661,user661@theotokus.dev,pwd123
User662,user662@theotokus.dev,pwd123
User663,user663@theotokus.dev,pwd123
User664,user664@theotokus.dev,pwd123
User665,user665@theotokus.dev,pwd123
User666,user666@theotokus.dev,pwd123
User667,user667@theotokus.dev,pwd123
User668,user668@theotokus.dev,pwd123
User669,user669@theotokus.dev,pwd123
User670,user670@theotokus.dev,pwd123
User671,user671@theotokus.dev,pwd123
User672,user672@theotokus.dev,pwd123
User673,user673@theotokus.dev,pwd123
User674,user674@theotokus.dev,pwd123
User675,user675@theotokus.dev,pwd123
User676,user676@theotokus.dev,pwd123
User677,user677@theotokus.dev,pwd123
User678,user678@theotokus.dev,pwd123
User679,user679@theotokus.dev,pwd123
User680,user680@theotokus.dev,pwd123
User681,user681@theotokus.dev,pwd123
User682,user682@theotokus.dev,pwd123
User683,user683@theotokus.dev,pwd123
User684,user684@theotokus.dev,pwd123
User685,user685@theotokus.dev,pwd123
User686,user686@theotokus.dev,pwd123
User687,user687@theotokus.dev,pwd123
User688,user688@theotokus.dev,pwd123
User689,user689@theotokus.dev,pwd123
User690,user690@theotokus.dev,pwd123
User691,user691@theotokus.dev,pwd123
User692,user692@theotokus.dev,pwd123
User693,user693@theotokus.dev,pwd123
User694,user694@theotokus.dev,pwd123
User695,user695@theotokus.dev,pwd123
User696,user696@theotokus.dev,pwd123
User697,user697@theotokus.dev,pwd123
User698,user698@theotokus.dev,pwd123
User699,user699@theotokus.dev,pwd123
User700,user700@theotokus.dev,pwd123
User701,user701@theotokus.dev,pwd123
User702,user702@theotokus.dev,pwd123
User703,user703@theotokus.dev,pwd123
User704,user704@theotokus.dev,pwd123
User705,user705@theotokus.dev,pwd123
User706,user706@theotokus.dev,pwd123
User707,user707@theotokus.dev,pwd123
User708,user708@theotokus.dev,pwd123
User709,user709@theotokus.dev,pwd123
User710,user710@theotokus.dev,pwd123
User711,user711@theotokus.dev,pwd123
User712,user712@theotokus.dev,pwd123
User713,user713@theotokus.dev,pwd123
User714,user714@theotokus.dev,pwd123
User715,user715@theotokus.dev,pwd123
User716,user716@theotokus.dev,pwd123
User717,user717@theotokus.dev,pwd123
User718,user718@theotokus.dev,pwd123
User719,user719@theotokus.dev,pwd123
User720,user720@theotokus.dev,pwd123
User721,user721@theotokus.dev,pwd123
User722,user722@theotokus.dev,pwd123
User723,user723@theotokus.dev,pwd123
User724,user724@theotokus.dev,pwd123
User725,user725@theotokus.dev,pwd123
User726,user726@theotokus.dev,pwd123
User727,user727@theotokus.dev,pwd123
User728,user728@theotokus.dev,pwd123
User729,user729@theotokus.dev,pwd123
User730,user730@theotokus.dev,pwd123
User731,user731@theotokus.dev,pwd123
User732,user732@theotokus.dev,pwd123
User733,user733@theotokus.dev,pwd123
User734,user734@theotokus.dev,pwd123
User735,user735@theotokus.dev,pwd123
User736,user736@theotokus.dev,pwd123
User737,user737@theotokus.dev,pwd123
User738,user738@theotokus.dev,pwd123
User739,user739@theotokus.dev,pwd123
User740,user740@theotokus.dev,pwd123
User741,user741@theotokus.dev,pwd123
User742,user742@theotokus.dev,pwd123
User743,user743@theotokus.dev,pwd123
User744,user744@theotokus.dev,pwd123
User745,user745@theotokus.dev,pwd123
User746,user746@theotokus.dev,pwd123
User747,user747@theotokus.dev,pwd123
User748,user748@theotokus.dev,pwd123
User749,user749@theotokus.dev,pwd123
User750,user750@theotokus.dev,pwd123
User751,user751@theotokus.dev,pwd123
User752,user752@theotokus.dev,pwd123
User753,user753@theotokus.dev,pwd123
User754,user754@theotokus.dev,pwd123
User755,user755@theotokus.dev,pwd123
User756,user756@theotokus.dev,pwd123
User757,user757@theotokus.dev,pwd123
User758,user758@theotokus.dev,pwd123
User759,user759@theotokus.dev,pwd123
User760,user760@theotokus.dev,pwd123
User761,user761@theotokus.dev,pwd123
User762,user762@theotokus.dev,pwd123
User763,user763@theotokus.dev,pwd123
User764,user764@theotokus.dev,pwd123
User765,user765@theotokus.dev,pwd123
User766,user766@theotokus.dev,pwd123
User767,user767@theotokus.dev,pwd123
User768,user768@theotokus.dev,pwd123
User769,user769@theotokus.dev,pwd123
User770,user770@theotokus.dev,pwd123
User771,user771@theotokus.dev,pwd123
User772,user772@theotokus.dev,pwd123
User773,user773@theotokus.dev,pwd123
User774,user774@theotokus.dev,pwd123
User775,user775@theotokus.dev,pwd123
User776,user776@theotokus.dev,pwd123
User777,user777@theotokus.dev,pwd123
User778,user778@theotokus.dev,pwd123
User779,user779@theotokus.dev,pwd123
User780,user780@theotokus.dev,pwd123
User781,user781@theotokus.dev,pwd123
User782,user782@theotokus.dev,pwd123
User783,user783@theotokus.dev,pwd123
User784,user784@theotokus.dev,pwd123
User785,user785@theotokus.dev,pwd123
User786,user786@theotokus.dev,pwd123
User787,user787@theotokus.dev,pwd123
User788,user788@theotokus.dev,pwd123
User789,user789@theotokus.dev,pwd123
User790,user790@theotokus.dev,pwd123
User791,user791@theotokus.dev,pwd123
User792,user792@theotokus.dev,pwd123
User793,user793@theotokus.dev,pwd123
User794,user794@theotokus.dev,pwd123
User795,user795@theotokus.dev,pwd123
User796,user796@theotokus.dev,pwd123
User797,user797@theotokus.dev,pwd123
User798,user798@theotokus.dev,pwd123
User799,user799@theotokus.dev,pwd123
User800,user800@theotokus.dev,pwd123
User801,user801@theotokus.dev,pwd123
User802,user802@theotokus.dev,pwd123
User803,user803@theotokus.dev,pwd123
User804,user804@theotokus.dev,pwd123
User805,user805@theotokus.dev,pwd123
User806,user806@theotokus.dev,pwd123
User807,user807@theotokus.dev,pwd123
User808,user808@theotokus.dev,pwd123
User809,user809@theotokus.dev,pwd123
User810,user810@theotokus.dev,pwd123
User811,user811@theotokus.dev,pwd123
User812,user812@theotokus.dev,pwd123
User813,user813@theotokus.dev,pwd123
User814,user814@theotokus.dev,pwd123
User815,user815@theotokus.dev,pwd123
User816,user816@theotokus.dev,pwd123
User817,user817@theotokus.dev,pwd123
User818,user818@theotokus.dev,pwd123
User819,user819@theotokus.dev,pwd123
User820,user820@theotokus.dev,pwd123
User821,user821@theotokus.dev,pwd123
User822,user822@theotokus.dev,pwd123
User823,user823@theotokus.dev,pwd123
User824,user824@theotokus.dev,pwd123
User825,user825@theotokus.dev,pwd123
User826,user826@theotokus.dev,pwd123
User827,user827@theotokus.dev,pwd123
User828,user828@theotokus.dev,pwd123
User829,user829@theotokus.dev,pwd123
User830,user830@theotokus.dev,pwd123
User831,user831@theotokus.dev,pwd123
User832,user832@theotokus.dev,pwd123
User833,user833@theotokus.dev,pwd123
User834,user834@theotokus.dev,pwd123
User835,user835@theotokus.dev,pwd123
User836,user836@theotokus.dev,pwd123
User837,user837@theotokus.dev,pwd123
User838,user838@theotokus.dev,pwd123
User839,user839@theotokus.dev,pwd123
User840,user840@theotokus.dev,pwd123
User841,user841@theotokus.dev,pwd123
User842,user842@theotokus.dev,pwd123
User843,user843@theotokus.dev,pwd123
User844,user844@theotokus.dev,pwd123
User845,user845@theotokus.dev,pwd123
User846,user846@theotokus.dev,pwd123
User847,user847@theotokus.dev,pwd123
User848,user848@theotokus.dev,pwd123
User849,user849@theotokus.dev,pwd123
User850,user850@theotokus.dev,pwd123
User851,user851@theotokus.dev,pwd123
User852,user852@theotokus.dev,pwd123
User853,user853@theotokus.dev,pwd123
User854,user854@theotokus.dev,pwd123
User855,user855@theotokus.dev,pwd123
User856,user856@theotokus.dev,pwd123
User857,user857@theotokus.dev,pwd123
User858,user858@theotokus.dev,pwd123
User859,user859@theotokus.dev,pwd123
User860,user860@theotokus.dev,pwd123
User861,user861@theotokus.dev,pwd123
User862,user862@theotokus.dev,pwd123
User863,user863@theotokus.dev,pwd123
User864,user864@theotokus.dev,pwd123
User865,user865@theotokus.dev,pwd123
User866,user866@theotokus.dev,pwd123
User867,user867@theotokus.dev,pwd123
User868,user868@theotokus.dev,pwd123
User869,user869@theotokus.dev,pwd123
User870,user870@theotokus.dev,pwd123
User871,user871@theotokus.dev,pwd123
User872,user872@theotokus.dev,pwd123
User873,user873@theotokus.dev,pwd123
User874,user874@theotokus.dev,pwd123
User875,user875@theotokus.dev,pwd123
User876,user876@theotokus.dev,pwd123
User877,user877@theotokus.dev,pwd123
User878,user878@theotokus.dev,pwd123
User879,user879@theotokus.dev,pwd123
User880,user880@theotokus.dev,pwd123
User881,user881@theotokus.dev,pwd123
User882,user882@theotokus.dev,pwd123
User883,user883@theotokus.dev,pwd123
User884,user884@theotokus.dev,pwd123
User885,user885@theotokus.dev,pwd123
User886,user886@theotokus.dev,pwd123
User887,user887@theotokus.dev,pwd123
User888,user888@theotokus.dev,pwd123
User889,user889@theotokus.dev,pwd123
User890,user890@theotokus.dev,pwd123
User891,user891@theotokus.dev,pwd123
User892,user892@theotokus.dev,pwd123
User893,user893@theotokus.dev,pwd123
User894,user894@theotokus.dev,pwd123
User895,user895@theotokus.dev,pwd123
User896,user896@theotokus.dev,pwd123
User897,user897@theotokus.dev,pwd123
User898,user898@theotokus.dev,pwd123
User899,user899@theotokus.dev,pwd123
User900,user900@theotokus.dev,pwd123
User901,user901@theotokus.dev,pwd123
User902,user902@theotokus.dev,pwd123
User903,user903@theotokus.dev,pwd123
User904,user904@theotokus.dev,pwd123
User905,user905@theotokus.dev,pwd123
User906,user906@theotokus.dev,pwd123
User907,user907@theotokus.dev,pwd123
User908,user908@theotokus.dev,pwd123
User909,user909@theotokus.dev,pwd123
User910,user910@theotokus.dev,pwd123
User911,user911@theotokus.dev,pwd123
User912,user912@theotokus.dev,pwd123
User913,user913@theotokus.dev,pwd123
User914,user914@theotokus.dev,pwd123
User915,user915@theotokus.dev,pwd123
User916,user916@theotokus.dev,pwd123
User917,user917@theotokus.dev,pwd123
User918,user918@theotokus.dev,pwd123
User919,user919@theotokus.dev,pwd123
User920,user920@theotokus.dev,pwd123
User921,user921@theotokus.dev,pwd123
User922,user922@theotokus.dev,pwd123
User923,user923@theotokus.dev,pwd123
User924,user924@theotokus.dev,pwd123
User925,user925@theotokus.dev,pwd123
User926,user926@theotokus.dev,pwd123
User927,user927@theotokus.dev,pwd123
User928,user928@theotokus.dev,pwd123
User929,user929@theotokus.dev,pwd123
User930,user930@theotokus.dev,pwd123
User931,user931@theotokus.dev,pwd123
User932,user932@theotokus.dev,pwd123
User933,user933@theotokus.dev,pwd123
User934,user934@theotokus.dev,pwd123
User935,user935@theotokus.dev,pwd123
User936,user936@theotokus.dev,pwd123
User937,user937@theotokus.dev,pwd123
User938,user938@theotokus.dev,pwd123
User939,user939@theotokus.dev,pwd123
User940,user940@theotokus.dev,pwd123
User941,user941@theotokus.dev,pwd123
User942,user942@theotokus.dev,pwd123
User943,user943@theotokus.dev,pwd123
User944,user944@theotokus.dev,pwd123
User945,user945@theotokus.dev,pwd123
User946,user946@theotokus.dev,pwd123
User947,user947@theotokus.dev,pwd123
User948,user948@theotokus.dev,pwd123
User949,user949@theotokus.dev,pwd123
User950,user950@theotokus.dev,pwd123
User951,user951@theotokus.dev,pwd123
User952,user952@theotokus.dev,pwd123
User953,user953@theotokus.dev,pwd123
User954,user954@theotokus.dev,pwd123
User955,user955@theotokus.dev,pwd123
User956,user956@theotokus.dev,pwd123
User957,user957@theotokus.dev,pwd123
User958,user958@theotokus.dev,pwd123
User959,user959@theotokus.dev,pwd123
User960,user960@theotokus.dev,pwd123
User961,user961@theotokus.dev,pwd123
User962,user962@theotokus.dev,pwd123
User963,user963@theotokus.dev,pwd123
User964,user964@theotokus.dev,pwd123
User965,user965@theotokus.dev,pwd123
User966,user966@theotokus.dev,pwd123
User967,user967@theotokus.dev,pwd123
User968,user968@theotokus.dev,pwd123
User969,user969@theotokus.dev,pwd123
User970,user970@theotokus.dev,pwd123
User971,user971@theotokus.dev,pwd123
User972,user972@theotokus.dev,pwd123
User973,user973@theotokus.dev,pwd123
User974,user974@theotokus.dev,pwd123
User975,user975@theotokus.dev,pwd123
User976,user976@theotokus.dev,pwd123
User977,user977@theotokus.dev,pwd123
User978,user978@theotokus.dev,pwd123
User979,user979@theotokus.dev,pwd123
User980,user980@theotokus.dev,pwd123
User981,user981@theotokus.dev,pwd123
User982,user982@theotokus.dev,pwd123
User983,user983@theotokus.dev,pwd123
User984,user984@theotokus.dev,pwd123
User985,user985@theotokus.dev,pwd123
User986,user986@theotokus.dev,pwd123
User987,user987@theotokus.dev,pwd123
User988,user988@theotokus.dev,pwd123
User989,user989@theotokus.dev,pwd123
User990,user990@theotokus.dev,pwd123
User991,user991@theotokus.dev,pwd123
User992,user992@theotokus.dev,pwd123
User993,user993@theotokus.dev,pwd123
User994,user994@theotokus.dev,pwd123
User995,user995@theotokus.dev,pwd123
User996,user996@theotokus.dev,pwd123
User997,user997@theotokus.dev,pwd123
User998,user998@theotokus.dev,pwd123
User999,user999@theotokus.dev,pwd123
User1000,user1000@theotokus.dev,pwd123
User1001,user1001@theotokus.dev,pwd123
User1002,user1002@theotokus.dev,pwd123
User1003,user1003@theotokus.dev,pwd123
User1004,user1004@theotokus.dev,pwd123
User1005,user1005@theotokus.dev,pwd123
User1006,user1006@theotokus.dev,pwd123
User1007,user1007@theotokus.dev,pwd123
User1008,user1008@theotokus.dev,pwd123
User1009,user1009@theotokus.dev,pwd123
User1010,user1010@theotokus.dev,pwd123
User1011,user1011@theotokus.dev,pwd123
User1012,user1012@theotokus.dev,pwd123
User1013,user1013@theotokus.dev,pwd123
User1014,user1014@theotokus.dev,pwd123
User1015,user1015@theotokus.dev,pwd123
User1016,user1016@theotokus.dev,pwd123
User1017,user1017@theotokus.dev,pwd123
User1018,user1018@theotokus.dev,pwd123
User1019,user1019@theotokus.dev,pwd123
User1020,user1020@theotokus.dev,pwd123
User1021,user1021@theotokus.dev,pwd123
User1022,user1022@theotokus.dev,pwd123
User1023,user1023@theotokus.dev,pwd123
User1024,user1024@theotokus.dev,pwd123
User1025,user1025@theotokus.dev,pwd123
User1026,user1026@theotokus.dev,pwd123
User1027,user1027@theotokus.dev,pwd123
User1028,user1028@theotokus.dev,pwd123
User1029,user1029@theotokus.dev,pwd123
User1030,user1030@theotokus.dev,pwd123
User1031,user1031@theotokus.dev,pwd123
User1032,user1032@theotokus.dev,pwd123
User1033,user1033@theotokus.dev,pwd123
User1034,user1034@theotokus.dev,pwd123
User1035,user1035@theotokus.dev,pwd123
User1036,user1036@theotokus.dev,pwd123
User1037,user1037@theotokus.dev,pwd123
User1038,user1038@theotokus.dev,pwd123
User1039,user1039@theotokus.dev,pwd123
User1040,user1040@theotokus.dev,pwd123
User1041,user1041@theotokus.dev,pwd123
User1042,user1042@theotokus.dev,pwd123
User1043,user1043@theotokus.dev,pwd123
User1044,user1044@theotokus.dev,pwd123
User1045,user1045@theotokus.dev,pwd123
User1046,user1046@theotokus.dev,pwd123
User1047,user1047@theotokus.dev,pwd123
User1048,user1048@theotokus.dev,pwd123
User1049,user1049@theotokus.dev,pwd123
User1050,user1050@theotokus.dev,pwd123
User1051,user1051@theotokus.dev,pwd123
User1052,user1052@theotokus.dev,pwd123
User1053,user1053@theotokus.dev,pwd123
User1054,user1054@theotokus.dev,pwd123
User1055,user1055@theotokus.dev,pwd123
User1056,user1056@theotokus.dev,pwd123
User1057,user1057@theotokus.dev,pwd123
User1058,user1058@theotokus.dev,pwd123
User1059,user1059@theotokus.dev,pwd123
User1060,user1060@theotokus.dev,pwd123
User1061,user1061@theotokus.dev,pwd123
User1062,user1062@theotokus.dev,pwd123
User1063,user1063@theotokus.dev,pwd123
User1064,user1064@theotokus.dev,pwd123
User1065,user1065@theotokus.dev,pwd123
User1066,user1066@theotokus.dev,pwd123
User1067,user1067@theotokus.dev,pwd123
User1068,user1068@theotokus.dev,pwd123
User1069,user1069@theotokus.dev,pwd123
User1070,user1070@theotokus.dev,pwd123
User1071,user1071@theotokus.dev,pwd123
User1072,user1072@theotokus.dev,pwd123
User1073,user1073@theotokus.dev,pwd123
User1074,user1074@theotokus.dev,pwd123
User1075,user1075@theotokus.dev,pwd123
User1076,user1076@theotokus.dev,pwd123
User1077,user1077@theotokus.dev,pwd123
User1078,user1078@theotokus.dev,pwd123
User1079,user1079@theotokus.dev,pwd123
User1080,user1080@theotokus.dev,pwd123
User1081,user1081@theotokus.dev,pwd123
User1082,user1082@theotokus.dev,pwd123
User1083,user1083@theotokus.dev,pwd123
User1084,user1084@theotokus.dev,pwd123
User1085,user1085@theotokus.dev,pwd123
User1086,user1086@theotokus.dev,pwd123
User1087,user1087@theotokus.dev,pwd123
User1088,user1088@theotokus.dev,pwd123
User1089,user1089@theotokus.dev,pwd123
User1090,user1090@theotokus.dev,pwd123
User1091,user1091@theotokus.dev,pwd123
User1092,user1092@theotokus.dev,pwd123
User1093,user1093@theotokus.dev,pwd123
User1094,user1094@theotokus.dev,pwd123
User1095,user1095@theotokus.dev,pwd123
User1096,user1096@theotokus.dev,pwd123
User1097,user1097@theotokus.dev,pwd123
User1098,user1098@theotokus.dev,pwd123
User1099,user1099@theotokus.dev,pwd123
User1100,user1100@theotokus.dev,pwd123
User1101,user1101@theotokus.dev,pwd123
User1102,user1102@theotokus.dev,pwd123
User1103,user1103@theotokus.dev,pwd123
User1104,user1104@theotokus.dev,pwd123
User1105,user1105@theotokus.dev,pwd123
User1106,user1106@theotokus.dev,pwd123
User1107,user1107@theotokus.dev,pwd123
User1108,user1108@theotokus.dev,pwd123
User1109,user1109@theotokus.dev,pwd123
User1110,user1110@theotokus.dev,pwd123
User1111,user1111@theotokus.dev,pwd123
User1112,user1112@theotokus.dev,pwd123
User1113,user1113@theotokus.dev,pwd123
User1114,user1114@theotokus.dev,pwd123
User1115,user1115@theotokus.dev,pwd123
User1116,user1116@theotokus.dev,pwd123
User1117,user1117@theotokus.dev,pwd123
User1118,user1118@theotokus.dev,pwd123
User1119,user1119@theotokus.dev,pwd123
User1120,user1120@theotokus.dev,pwd123
User1121,user1121@theotokus.dev,pwd123
User1122,user1122@theotokus.dev,pwd123
User1123,user1123@theotokus.dev,pwd123
User1124,user1124@theotokus.dev,pwd123
User1125,user1125@theotokus.dev,pwd123
User1126,user1126@theotokus.dev,pwd123
User1127,user1127@theotokus.dev,pwd123
User1128,user1128@theotokus.dev,pwd123
User1129,user1129@theotokus.dev,pwd123
User1130,user1130@theotokus.dev,pwd123
User1131,user1131@theotokus.dev,pwd123
User1132,user1132@theotokus.dev,pwd123
User1133,user1133@theotokus.dev,pwd123
User1134,user1134@theotokus.dev,pwd123
User1135,user1135@theotokus.dev,pwd123
User1136,user1136@theotokus.dev,pwd123
User1137,user1137@theotokus.dev,pwd123
User1138,user1138@theotokus.dev,pwd123
User1139,user1139@theotokus.dev,pwd123
User1140,user1140@theotokus.dev,pwd123
User1141,user1141@theotokus.dev,pwd123
User1142,user1142@theotokus.dev,pwd123
User1143,user1143@theotokus.dev,pwd123
User1144,user1144@theotokus.dev,pwd123
User1145,user1145@theotokus.dev,pwd123
User1146,user1146@theotokus.dev,pwd123
User1147,user1147@theotokus.dev,pwd123
User1148,user1148@theotokus.dev,pwd123
User1149,user1149@theotokus.dev,pwd123
User1150,user1150@theotokus.dev,pwd123
User1151,user1151@theotokus.dev,pwd123
User1152,user1152@theotokus.dev,pwd123
User1153,user1153@theotokus.dev,pwd123
User1154,user1154@theotokus.dev,pwd123
User1155,user1155@theotokus.dev,pwd123
User1156,user1156@theotokus.dev,pwd123
User1157,user1157@theotokus.dev,pwd123
User1158,user1158@theotokus.dev,pwd123
User1159,user1159@theotokus.dev,pwd123
User1160,user1160@theotokus.dev,pwd123
User1161,user1161@theotokus.dev,pwd123
User1162,user1162@theotokus.dev,pwd123
User1163,user1163@theotokus.dev,pwd123
User1164,user1164@theotokus.dev,pwd123
User1165,user1165@theotokus.dev,pwd123
User1166,user1166@theotokus.dev,pwd123
User1167,user1167@theotokus.dev,pwd123
User1168,user1168@theotokus.dev,pwd123
User1169,user1169@theotokus.dev,pwd123
User1170,user1170@theotokus.dev,pwd123
User1171,user1171@theotokus.dev,pwd123
User1172,user1172@theotokus.dev,pwd123
User1173,user1173@theotokus.dev,pwd123
User1174,user1174@theotokus.dev,pwd123
User1175,user1175@theotokus.dev,pwd123
User1176,user1176@theotokus.dev,pwd123
User1177,user1177@theotokus.dev,pwd123
User1178,user1178@theotokus.dev,pwd123
User1179,user1179@theotokus.dev,pwd123
User1180,user1180@theotokus.dev,pwd123
User1181,user1181@theotokus.dev,pwd123
User1182,user1182@theotokus.dev,pwd123
User1183,user1183@theotokus.dev,pwd123
User1184,user1184@theotokus.dev,pwd123
User1185,user1185@theotokus.dev,pwd123
User1186,user1186@theotokus.dev,pwd123
User1187,user1187@theotokus.dev,pwd123
User1188,user1188@theotokus.dev,pwd123
User1189,user1189@theotokus.dev,pwd123
User1190,user1190@theotokus.dev,pwd123
User1191,user1191@theotokus.dev,pwd123
User1192,user1192@theotokus.dev,pwd123
User1193,user1193@theotokus.dev,pwd123
User1194,user1194@theotokus.dev,pwd123
User1195,user1195@theotokus.dev,pwd123
User1196,user1196@theotokus.dev,pwd123
User1197,user1197@theotokus.dev,pwd123
User1198,user1198@theotokus.dev,pwd123
User1199,user1199@theotokus.dev,pwd123
User1200,user1200@theotokus.dev,pwd123
User1201,user1201@theotokus.dev,pwd123
User1202,user1202@theotokus.dev,pwd123
User1203,user1203@theotokus.dev,pwd123
User1204,user1204@theotokus.dev,pwd123
User1205,user1205@theotokus.dev,pwd123
User1206,user1206@theotokus.dev,pwd123
User1207,user1207@theotokus.dev,pwd123
User1208,user1208@theotokus.dev,pwd123
User1209,user1209@theotokus.dev,pwd123
User1210,user1210@theotokus.dev,pwd123
User1211,user1211@theotokus.dev,pwd123
User1212,user1212@theotokus.dev,pwd123
User1213,user1213@theotokus.dev,pwd123
User1214,user1214@theotokus.dev,pwd123
User1215,user1215@theotokus.dev,pwd123
User1216,user1216@theotokus.dev,pwd123
User1217,user1217@theotokus.dev,pwd123
User1218,user1218@theotokus.dev,pwd123
User1219,user1219@theotokus.dev,pwd123
User1220,user1220@theotokus.dev,pwd123
User1221,user1221@theotokus.dev,pwd123
User1222,user1222@theotokus.dev,pwd123
User1223,user1223@theotokus.dev,pwd123
User1224,user1224@theotokus.dev,pwd123
User1225,user1225@theotokus.dev,pwd123
User1226,user1226@theotokus.dev,pwd123
User1227,user1227@theotokus.dev,pwd123
User1228,user1228@theotokus.dev,pwd123
User1229,user1229@theotokus.dev,pwd123
User1230,user1230@theotokus.dev,pwd123
User1231,user1231@theotokus.dev,pwd123
User1232,user1232@theotokus.dev,pwd123
User1233,user1233@theotokus.dev,pwd123
User1234,user1234@theotokus.dev,pwd123
User1235,user1235@theotokus.dev,pwd123
User1236,user1236@theotokus.dev,pwd123
User1237,user1237@theotokus.dev,pwd123
User1238,user1238@theotokus.dev,pwd123
User1239,user1239@theotokus.dev,pwd123
User1240,user1240@theotokus.dev,pwd123
User1241,user1241@theotokus.dev,pwd123
User1242,user1242@theotokus.dev,pwd123
User1243,user1243@theotokus.dev,pwd123
User1244,user1244@theotokus.dev,pwd123
User1245,user1245@theotokus.dev,pwd123
User1246,user1246@theotokus.dev,pwd123
User1247,user1247@theotokus.dev,pwd123
User1248,user1248@theotokus.dev,pwd123
User1249,user1249@theotokus.dev,pwd123
User1250,user1250@theotokus.dev,pwd123
User1251,user1251@theotokus.dev,pwd123
User1252,user1252@theotokus.dev,pwd123
User1253,user1253@theotokus.dev,pwd123
User1254,user1254@theotokus.dev,pwd123
User1255,user1255@theotokus.dev,pwd123
User1256,user1256@theotokus.dev,pwd123
User1257,user1257@theotokus.dev,pwd123
User1258,user1258@theotokus.dev,pwd123
User1259,user1259@theotokus.dev,pwd123
User1260,user1260@theotokus.dev,pwd123
User1261,user1261@theotokus.dev,pwd123
User1262,user1262@theotokus.dev,pwd123
User1263,user1263@theotokus.dev,pwd123
User1264,user1264@theotokus.dev,pwd123
User1265,user1265@theotokus.dev,pwd123
User1266,user1266@theotokus.dev,pwd123
User1267,user1267@theotokus.dev,pwd123
User1268,user1268@theotokus.dev,pwd123
User1269,user1269@theotokus.dev,pwd123
User1270,user1270@theotokus.dev,pwd123
User1271,user1271@theotokus.dev,pwd123
User1272,user1272@theotokus.dev,pwd123
User1273,user1273@theotokus.dev,pwd123
User1274,user1274@theotokus.dev,pwd123
User1275,user1275@theotokus.dev,pwd123
User1276,user1276@theotokus.dev,pwd123
User1277,user1277@theotokus.dev,pwd123
User1278,user1278@theotokus.dev,pwd123
User1279,user1279@theotokus.dev,pwd123
User1280,user1280@theotokus.dev,pwd123
User1281,user1281@theotokus.dev,pwd123
User1282,user1282@theotokus.dev,pwd123
User1283,user1283@theotokus.dev,pwd123
User1284,user1284@theotokus.dev,pwd123
User1285,user1285@theotokus.dev,pwd123
User1286,user1286@theotokus.dev,pwd123
User1287,user1287@theotokus.dev,pwd123
User1288,user1288@theotokus.dev,pwd123
User1289,user1289@theotokus.dev,pwd123
User1290,user1290@theotokus.dev,pwd123
User1291,user1291@theotokus.dev,pwd123
User1292,user1292@theotokus.dev,pwd123
User1293,user1293@theotokus.dev,pwd123
User1294,user1294@theotokus.dev,pwd123
User1295,user1295@theotokus.dev,pwd123
User1296,user1296@theotokus.dev,pwd123
User1297,user1297@theotokus.dev,pwd123
User1298,user1298@theotokus.dev,pwd123
User1299,user1299@theotokus.dev,pwd123
User1300,user1300@theotokus.dev,pwd123
User1301,user1301@theotokus.dev,pwd123
User1302,user1302@theotokus.dev,pwd123
User1303,user1303@theotokus.dev,pwd123
User1304,user1304@theotokus.dev,pwd123
User1305,user1305@theotokus.dev,pwd123
User1306,user1306@theotokus.dev,pwd123
User1307,user1307@theotokus.dev,pwd123
User1308,user1308@theotokus.dev,pwd123
User1309,user1309@theotokus.dev,pwd123
User1310,user1310@theotokus.dev,pwd123
User1311,user1311@theotokus.dev,pwd123
User1312,user1312@theotokus.dev,pwd123
User1313,user1313@theotokus.dev,pwd123
User1314,user1314@theotokus.dev,pwd123
User1315,user1315@theotokus.dev,pwd123
User1316,user1316@theotokus.dev,pwd123
User1317,user1317@theotokus.dev,pwd123
User1318,user1318@theotokus.dev,pwd123
User1319,user1319@theotokus.dev,pwd123
User1320,user1320@theotokus.dev,pwd123
User1321,user1321@theotokus.dev,pwd123
User1322,user1322@theotokus.dev,pwd123
User1323,user1323@theotokus.dev,pwd123
User1324,user1324@theotokus.dev,pwd123
User1325,user1325@theotokus.dev,pwd123
User1326,user1326@theotokus.dev,pwd123
User1327,user1327@theotokus.dev,pwd123
User1328,user1328@theotokus.dev,pwd123
User1329,user1329@theotokus.dev,pwd123
User1330,user1330@theotokus.dev,pwd123
User1331,user1331@theotokus.dev,pwd123
User1332,user1332@theotokus.dev,pwd123
User1333,user1333@theotokus.dev,pwd123
User1334,user1334@theotokus.dev,pwd123
User1335,user1335@theotokus.dev,pwd123
User1336,user1336@theotokus.dev,pwd123
User1337,user1337@theotokus.dev,pwd123
User1338,user1338@theotokus.dev,pwd123
User1339,user1339@theotokus.dev,pwd123
User1340,user1340@theotokus.dev,pwd123
User1341,user1341@theotokus.dev,pwd123
User1342,user1342@theotokus.dev,pwd123
User1343,user1343@theotokus.dev,pwd123
User1344,user1344@theotokus.dev,pwd123
User1345,user1345@theotokus.dev,pwd123
User1346,user1346@theotokus.dev,pwd123
User1347,user1347@theotokus.dev,pwd123
User1348,user1348@theotokus.dev,pwd123
User1349,user1349@theotokus.dev,pwd123
User1350,user1350@theotokus.dev,pwd123
User1351,user1351@theotokus.dev,pwd123
User1352,user1352@theotokus.dev,pwd123
User1353,user1353@theotokus.dev,pwd123
User1354,user1354@theotokus.dev,pwd123
User1355,user1355@theotokus.dev,pwd123
User1356,user1356@theotokus.dev,pwd123
User1357,user1357@theotokus.dev,pwd123
User1358,user1358@theotokus.dev,pwd123
User1359,user1359@theotokus.dev,pwd123
User1360,user1360@theotokus.dev,pwd123
User1361,user1361@theotokus.dev,pwd123
User1362,user1362@theotokus.dev,pwd123
User1363,user1363@theotokus.dev,pwd123
User1364,user1364@theotokus.dev,pwd123
User1365,user1365@theotokus.dev,pwd123
User1366,user1366@theotokus.dev,pwd123
User1367,user1367@theotokus.dev,pwd123
User1368,user1368@theotokus.dev,pwd123
User1369,user1369@theotokus.dev,pwd123
User1370,user1370@theotokus.dev,pwd123
User1371,user1371@theotokus.dev,pwd123
User1372,user1372@theotokus.dev,pwd123
User1373,user1373@theotokus.dev,pwd123
User1374,user1374@theotokus.dev,pwd123
User1375,user1375@theotokus.dev,pwd123
User1376,user1376@theotokus.dev,pwd123
User1377,user1377@theotokus.dev,pwd123
User1378,user1378@theotokus.dev,pwd123
User1379,user1379@theotokus.dev,pwd123
User1380,user1380@theotokus.dev,pwd123
User1381,user1381@theotokus.dev,pwd123
User1382,user1382@theotokus.dev,pwd123
User1383,user1383@theotokus.dev,pwd123
User1384,user1384@theotokus.dev,pwd123
User1385,user1385@theotokus.dev,pwd123
User1386,user1386@theotokus.dev,pwd123
User1387,user1387@theotokus.dev,pwd123
User1388,user1388@theotokus.dev,pwd123
User1389,user1389@theotokus.dev,pwd123
User1390,user1390@theotokus.dev,pwd123
User1391,user1391@theotokus.dev,pwd123
User1392,user1392@theotokus.dev,pwd123
User1393,user1393@theotokus.dev,pwd123
User1394,user1394@theotokus.dev,pwd123
User1395,user1395@theotokus.dev,pwd123
User1396,user1396@theotokus.dev,pwd123
User1397,user1397@theotokus.dev,pwd123
User1398,user1398@theotokus.dev,pwd123
User1399,user1399@theotokus.dev,pwd123
User1400,user1400@theotokus.dev,pwd123
User1401,user1401@theotokus.dev,pwd123
User1402,user1402@theotokus.dev,pwd123
User1403,user1403@theotokus.dev,pwd123
User1404,user1404@theotokus.dev,pwd123
User1405,user1405@theotokus.dev,pwd123
User1406,user1406@theotokus.dev,pwd123
User1407,user1407@theotokus.dev,pwd123
User1408,user1408@theotokus.dev,pwd123
User1409,user1409@theotokus.dev,pwd123
User1410,user1410@theotokus.dev,pwd123
User1411,user1411@theotokus.dev,pwd123
User1412,user1412@theotokus.dev,pwd123
User1413,user1413@theotokus.dev,pwd123
User1414,user1414@theotokus.dev,pwd123
User1415,user1415@theotokus.dev,pwd123
User1416,user1416@theotokus.dev,pwd123
User1417,user1417@theotokus.dev,pwd123
User1418,user1418@theotokus.dev,pwd123
User1419,user1419@theotokus.dev,pwd123
User1420,user1420@theotokus.dev,pwd123
User1421,user1421@theotokus.dev,pwd123
User1422,user1422@theotokus.dev,pwd123
User1423,user1423@theotokus.dev,pwd123
User1424,user1424@theotokus.dev,pwd123
User1425,user1425@theotokus.dev,pwd123
User1426,user1426@theotokus.dev,pwd123
User1427,user1427@theotokus.dev,pwd123
User1428,user1428@theotokus.dev,pwd123
User1429,user1429@theotokus.dev,pwd123
User1430,user1430@theotokus.dev,pwd123
User1431,user1431@theotokus.dev,pwd123
User1432,user1432@theotokus.dev,pwd123
User1433,user1433@theotokus.dev,pwd123
User1434,user1434@theotokus.dev,pwd123
User1435,user1435@theotokus.dev,pwd123
User1436,user1436@theotokus.dev,pwd123
User1437,user1437@theotokus.dev,pwd123
User1438,user1438@theotokus.dev,pwd123
User1439,user1439@theotokus.dev,pwd123
User1440,user1440@theotokus.dev,pwd123
User1441,user1441@theotokus.dev,pwd123
User1442,user1442@theotokus.dev,pwd123
User1443,user1443@theotokus.dev,pwd123
User1444,user1444@theotokus.dev,pwd123
User1445,user1445@theotokus.dev,pwd123
User1446,user1446@theotokus.dev,pwd123
User1447,user1447@theotokus.dev,pwd123
User1448,user1448@theotokus.dev,pwd123
User1449,user1449@theotokus.dev,pwd123
User1450,user1450@theotokus.dev,pwd123
User1451,user1451@theotokus.dev,pwd123
User1452,user1452@theotokus.dev,pwd123
User1453,user1453@theotokus.dev,pwd123
User1454,user1454@theotokus.dev,pwd123
User1455,user1455@theotokus.dev,pwd123
User1456,user1456@theotokus.dev,pwd123
User1457,user1457@theotokus.dev,pwd123
User1458,user1458@theotokus.dev,pwd123
User1459,user1459@theotokus.dev,pwd123
User1460,user1460@theotokus.dev,pwd123
User1461,user1461@theotokus.dev,pwd123
User1462,user1462@theotokus.dev,pwd123
User1463,user1463@theotokus.dev,pwd123
User1464,user1464@theotokus.dev,pwd123
User1465,user1465@theotokus.dev,pwd123
User1466,user1466@theotokus.dev,pwd123
User1467,user1467@theotokus.dev,pwd123
User1468,user1468@theotokus.dev,pwd123
User1469,user1469@theotokus.dev,pwd123
User1470,user1470@theotokus.dev,pwd123
User1471,user1471@theotokus.dev,pwd123
User1472,user1472@theotokus.dev,pwd123
User1473,user1473@theotokus.dev,pwd123
User1474,user1474@theotokus.dev,pwd123
User1475,user1475@theotokus.dev,pwd123
User1476,user1476@theotokus.dev,pwd123
User1477,user1477@theotokus.dev,pwd123
User1478,user1478@theotokus.dev,pwd123
User1479,user1479@theotokus.dev,pwd123
User1480,user1480@theotokus.dev,pwd123
User1481,user1481@theotokus.dev,pwd123
User1482,user1482@theotokus.dev,pwd123
User1483,user1483@theotokus.dev,pwd123
User1484,user1484@theotokus.dev,pwd123
User1485,user1485@theotokus.dev,pwd123
User1486,user1486@theotokus.dev,pwd123
User1487,user1487@theotokus.dev,pwd123
User1488,user1488@theotokus.dev,pwd123
User1489,user1489@theotokus.dev,pwd123
User1490,user1490@theotokus.dev,pwd123
User1491,user1491@theotokus.dev,pwd123
User1492,user1492@theotokus.dev,pwd123
User1493,user1493@theotokus.dev,pwd123
User1494,user1494@theotokus.dev,pwd123
User1495,user1495@theotokus.dev,pwd123
User1496,user1496@theotokus.dev,pwd123
User1497,user1497@theotokus.dev,pwd123
User1498,user1498@theotokus.dev,pwd123
User1499,user1499@theotokus.dev,pwd123
User1500,user1500@theotokus.dev,pwd123
User1501,user1501@theotokus.dev,pwd123
User1502,user1502@theotokus.dev,pwd123
User1503,user1503@theotokus.dev,pwd123
User1504,user1504@theotokus.dev,pwd123
User1505,user1505@theotokus.dev,pwd123
User1506,user1506@theotokus.dev,pwd123
User1507,user1507@theotokus.dev,pwd123
User1508,user1508@theotokus.dev,pwd123
User1509,user1509@theotokus.dev,pwd123
User1510,user1510@theotokus.dev,pwd123
User1511,user1511@theotokus.dev,pwd123
User1512,user1512@theotokus.dev,pwd123
User1513,user1513@theotokus.dev,pwd123
User1514,user1514@theotokus.dev,pwd123
User1515,user1515@theotokus.dev,pwd123
User1516,user1516@theotokus.dev,pwd123
User1517,user1517@theotokus.dev,pwd123
User1518,user1518@theotokus.dev,pwd123
User1519,user1519@theotokus.dev,pwd123
User1520,user1520@theotokus.dev,pwd123
User1521,user1521@theotokus.dev,pwd123
User1522,user1522@theotokus.dev,pwd123
User1523,user1523@theotokus.dev,pwd123
User1524,user1524@theotokus.dev,pwd123
User1525,user1525@theotokus.dev,pwd123
User1526,user1526@theotokus.dev,pwd123
User1527,user1527@theotokus.dev,pwd123
User1528,user1528@theotokus.dev,pwd123
User1529,user1529@theotokus.dev,pwd123
User1530,user1530@theotokus.dev,pwd123
User1531,user1531@theotokus.dev,pwd123
User1532,user1532@theotokus.dev,pwd123
User1533,user1533@theotokus.dev,pwd123
User1534,user1534@theotokus.dev,pwd123
User1535,user1535@theotokus.dev,pwd123
User1536,user1536@theotokus.dev,pwd123
User1537,user1537@theotokus.dev,pwd123
User1538,user1538@theotokus.dev,pwd123
User1539,user1539@theotokus.dev,pwd123
User1540,user1540@theotokus.dev,pwd123
User1541,user1541@theotokus.dev,pwd123
User1542,user1542@theotokus.dev,pwd123
User1543,user1543@theotokus.dev,pwd123
User1544,user1544@theotokus.dev,pwd123
User1545,user1545@theotokus.dev,pwd123
User1546,user1546@theotokus.dev,pwd123
User1547,user1547@theotokus.dev,pwd123
User1548,user1548@theotokus.dev,pwd123
User1549,user1549@theotokus.dev,pwd123
User1550,user1550@theotokus.dev,pwd123
User1551,user1551@theotokus.dev,pwd123
User1552,user1552@theotokus.dev,pwd123
User1553,user1553@theotokus.dev,pwd123
User1554,user1554@theotokus.dev,pwd123
User1555,user1555@theotokus.dev,pwd123
User1556,user1556@theotokus.dev,pwd123
User1557,user1557@theotokus.dev,pwd123
User1558,user1558@theotokus.dev,pwd123
User1559,user1559@theotokus.dev,pwd123
User1560,user1560@theotokus.dev,pwd123
User1561,user1561@theotokus.dev,pwd123
User1562,user1562@theotokus.dev,pwd123
User1563,user1563@theotokus.dev,pwd123
User1564,user1564@theotokus.dev,pwd123
User1565,user1565@theotokus.dev,pwd123
User1566,user1566@theotokus.dev,pwd123
User1567,user1567@theotokus.dev,pwd123
User1568,user1568@theotokus.dev,pwd123
User1569,user1569@theotokus.dev,pwd123
User1570,user1570@theotokus.dev,pwd123
User1571,user1571@theotokus.dev,pwd123
User1572,user1572@theotokus.dev,pwd123
User1573,user1573@theotokus.dev,pwd123
User1574,user1574@theotokus.dev,pwd123
User1575,user1575@theotokus.dev,pwd123
User1576,user1576@theotokus.dev,pwd123
User1577,user1577@theotokus.dev,pwd123
User1578,user1578@theotokus.dev,pwd123
User1579,user1579@theotokus.dev,pwd123
User1580,user1580@theotokus.dev,pwd123
User1581,user1581@theotokus.dev,pwd123
User1582,user1582@theotokus.dev,pwd123
User1583,user1583@theotokus.dev,pwd123
User1584,user1584@theotokus.dev,pwd123
User1585,user1585@theotokus.dev,pwd123
User1586,user1586@theotokus.dev,pwd123
User1587,user1587@theotokus.dev,pwd123
User1588,user1588@theotokus.dev,pwd123
User1589,user1589@theotokus.dev,pwd123
User1590,user1590@theotokus.dev,pwd123
User1591,user1591@theotokus.dev,pwd123
User1592,user1592@theotokus.dev,pwd123
User1593,user1593@theotokus.dev,pwd123
User1594,user1594@theotokus.dev,pwd123
User1595,user1595@theotokus.dev,pwd123
User1596,user1596@theotokus.dev,pwd123
User1597,user1597@theotokus.dev,pwd123
User1598,user1598@theotokus.dev,pwd123
User1599,user1599@theotokus.dev,pwd123
User1600,user1600@theotokus.dev,pwd123
User1601,user1601@theotokus.dev,pwd123
User1602,user1602@theotokus.dev,pwd123
User1603,user1603@theotokus.dev,pwd123
User1604,user1604@theotokus.dev,pwd123
User1605,user1605@theotokus.dev,pwd123
User1606,user1606@theotokus.dev,pwd123
User1607,user1607@theotokus.dev,pwd123
User1608,user1608@theotokus.dev,pwd123
User1609,user1609@theotokus.dev,pwd123
User1610,user1610@theotokus.dev,pwd123
User1611,user1611@theotokus.dev,pwd123
User1612,user1612@theotokus.dev,pwd123
User1613,user1613@theotokus.dev,pwd123
User1614,user1614@theotokus.dev,pwd123
User1615,user1615@theotokus.dev,pwd123
User1616,user1616@theotokus.dev,pwd123
User1617,user1617@theotokus.dev,pwd123
User1618,user1618@theotokus.dev,pwd123
User1619,user1619@theotokus.dev,pwd123
User1620,user1620@theotokus.dev,pwd123
User1621,user1621@theotokus.dev,pwd123
User1622,user1622@theotokus.dev,pwd123
User1623,user1623@theotokus.dev,pwd123
User1624,user1624@theotokus.dev,pwd123
User1625,user1625@theotokus.dev,pwd123
User1626,user1626@theotokus.dev,pwd123
User1627,user1627@theotokus.dev,pwd123
User1628,user1628@theotokus.dev,pwd123
User1629,user1629@theotokus.dev,pwd123
User1630,user1630@theotokus.dev,pwd123
User1631,user1631@theotokus.dev,pwd123
User1632,user1632@theotokus.dev,pwd123
User1633,user1633@theotokus.dev,pwd123
User1634,user1634@theotokus.dev,pwd123
User1635,user1635@theotokus.dev,pwd123
User1636,user1636@theotokus.dev,pwd123
User1637,user1637@theotokus.dev,pwd123
User1638,user1638@theotokus.dev,pwd123
User1639,user1639@theotokus.dev,pwd123
User1640,user1640@theotokus.dev,pwd123
User1641,user1641@theotokus.dev,pwd123
User1642,user1642@theotokus.dev,pwd123
User1643,user1643@theotokus.dev,pwd123
User1644,user1644@theotokus.dev,pwd123
User1645,user1645@theotokus.dev,pwd123
User1646,user1646@theotokus.dev,pwd123
User1647,user1647@theotokus.dev,pwd123
User1648,user1648@theotokus.dev,pwd123
User1649,user1649@theotokus.dev,pwd123
User1650,user1650@theotokus.dev,pwd123
User1651,user1651@theotokus.dev,pwd123
User1652,user1652@theotokus.dev,pwd123
User1653,user1653@theotokus.dev,pwd123
User1654,user1654@theotokus.dev,pwd123
User1655,user1655@theotokus.dev,pwd123
User1656,user1656@theotokus.dev,pwd123
User1657,user1657@theotokus.dev,pwd123
User1658,user1658@theotokus.dev,pwd123
User1659,user1659@theotokus.dev,pwd123
User1660,user1660@theotokus.dev,pwd123
User1661,user1661@theotokus.dev,pwd123
User1662,user1662@theotokus.dev,pwd123
User1663,user1663@theotokus.dev,pwd123
User1664,user1664@theotokus.dev,pwd123
User1665,user1665@theotokus.dev,pwd123
User1666,user1666@theotokus.dev,pwd123
User1667,user1667@theotokus.dev,pwd123
User1668,user1668@theotokus.dev,pwd123
User1669,user1669@theotokus.dev,pwd123
User1670,user1670@theotokus.dev,pwd123
User1671,user1671@theotokus.dev,pwd123
User1672,user1672@theotokus.dev,pwd123
User1673,user1673@theotokus.dev,pwd123
User1674,user1674@theotokus.dev,pwd123
User1675,user1675@theotokus.dev,pwd123
User1676,user1676@theotokus.dev,pwd123
User1677,user1677@theotokus.dev,pwd123
User1678,user1678@theotokus.dev,pwd123
User1679,user1679@theotokus.dev,pwd123
User1680,user1680@theotokus.dev,pwd123
User1681,user1681@theotokus.dev,pwd123
User1682,user1682@theotokus.dev,pwd123
User1683,user1683@theotokus.dev,pwd123
User1684,user1684@theotokus.dev,pwd123
User1685,user1685@theotokus.dev,pwd123
User1686,user1686@theotokus.dev,pwd123
User1687,user1687@theotokus.dev,pwd123
User1688,user1688@theotokus.dev,pwd123
User1689,user1689@theotokus.dev,pwd123
User1690,user1690@theotokus.dev,pwd123
User1691,user1691@theotokus.dev,pwd123
User1692,user1692@theotokus.dev,pwd123
User1693,user1693@theotokus.dev,pwd123
User1694,user1694@theotokus.dev,pwd123
User1695,user1695@theotokus.dev,pwd123
User1696,user1696@theotokus.dev,pwd123
User1697,user1697@theotokus.dev,pwd123
User1698,user1698@theotokus.dev,pwd123
User1699,user1699@theotokus.dev,pwd123
User1700,user1700@theotokus.dev,pwd123
User1701,user1701@theotokus.dev,pwd123
User1702,user1702@theotokus.dev,pwd123
User1703,user1703@theotokus.dev,pwd123
User1704,user1704@theotokus.dev,pwd123
User1705,user1705@theotokus.dev,pwd123
User1706,user1706@theotokus.dev,pwd123
User1707,user1707@theotokus.dev,pwd123
User1708,user1708@theotokus.dev,pwd123
User1709,user1709@theotokus.dev,pwd123
User1710,user1710@theotokus.dev,pwd123
User1711,user1711@theotokus.dev,pwd123
User1712,user1712@theotokus.dev,pwd123
User1713,user1713@theotokus.dev,pwd123
User1714,user1714@theotokus.dev,pwd123
User1715,user1715@theotokus.dev,pwd123
User1716,user1716@theotokus.dev,pwd123
User1717,user1717@theotokus.dev,pwd123
User1718,user1718@theotokus.dev,pwd123
User1719,user1719@theotokus.dev,pwd123
User1720,user1720@theotokus.dev,pwd123
User1721,user1721@theotokus.dev,pwd123
User1722,user1722@theotokus.dev,pwd123
User1723,user1723@theotokus.dev,pwd123
User1724,user1724@theotokus.dev,pwd123
User1725,user1725@theotokus.dev,pwd123
User1726,user1726@theotokus.dev,pwd123
User1727,user1727@theotokus.dev,pwd123
User1728,user1728@theotokus.dev,pwd123
User1729,user1729@theotokus.dev,pwd123
User1730,user1730@theotokus.dev,pwd123
User1731,user1731@theotokus.dev,pwd123
User1732,user1732@theotokus.dev,pwd123
User1733,user1733@theotokus.dev,pwd123
User1734,user1734@theotokus.dev,pwd123
User1735,user1735@theotokus.dev,pwd123
User1736,user1736@theotokus.dev,pwd123
User1737,user1737@theotokus.dev,pwd123
User1738,user1738@theotokus.dev,pwd123
User1739,user1739@theotokus.dev,pwd123
User1740,user1740@theotokus.dev,pwd123
User1741,user1741@theotokus.dev,pwd123
User1742,user1742@theotokus.dev,pwd123
User1743,user1743@theotokus.dev,pwd123
User1744,user1744@theotokus.dev,pwd123
User1745,user1745@theotokus.dev,pwd123
User1746,user1746@theotokus.dev,pwd123
User1747,user1747@theotokus.dev,pwd123
User1748,user1748@theotokus.dev,pwd123
User1749,user1749@theotokus.dev,pwd123
User1750,user1750@theotokus.dev,pwd123
User1751,user1751@theotokus.dev,pwd123
User1752,user1752@theotokus.dev,pwd123
User1753,user1753@theotokus.dev,pwd123
User1754,user1754@theotokus.dev,pwd123
User1755,user1755@theotokus.dev,pwd123
User1756,user1756@theotokus.dev,pwd123
User1757,user1757@theotokus.dev,pwd123
User1758,user1758@theotokus.dev,pwd123
User1759,user1759@theotokus.dev,pwd123
User1760,user1760@theotokus.dev,pwd123
User1761,user1761@theotokus.dev,pwd123
User1762,user1762@theotokus.dev,pwd123
User1763,user1763@theotokus.dev,pwd123
User1764,user1764@theotokus.dev,pwd123
User1765,user1765@theotokus.dev,pwd123
User1766,user1766@theotokus.dev,pwd123
User1767,user1767@theotokus.dev,pwd123
User1768,user1768@theotokus.dev,pwd123
User1769,user1769@theotokus.dev,pwd123
User1770,user1770@theotokus.dev,pwd123
User1771,user1771@theotokus.dev,pwd123
User1772,user1772@theotokus.dev,pwd123
User1773,user1773@theotokus.dev,pwd123
User1774,user1774@theotokus.dev,pwd123
User1775,user1775@theotokus.dev,pwd123
User1776,user1776@theotokus.dev,pwd123
User1777,user1777@theotokus.dev,pwd123
User1778,user1778@theotokus.dev,pwd123
User1779,user1779@theotokus.dev,pwd123
User1780,user1780@theotokus.dev,pwd123
User1781,user1781@theotokus.dev,pwd123
User1782,user1782@theotokus.dev,pwd123
User1783,user1783@theotokus.dev,pwd123
User1784,user1784@theotokus.dev,pwd123
User1785,user1785@theotokus.dev,pwd123
User1786,user1786@theotokus.dev,pwd123
User1787,user1787@theotokus.dev,pwd123
User1788,user1788@theotokus.dev,pwd123
User1789,user1789@theotokus.dev,pwd123
User1790,user1790@theotokus.dev,pwd123
User1791,user1791@theotokus.dev,pwd123
User1792,user1792@theotokus.dev,pwd123
User1793,user1793@theotokus.dev,pwd123
User1794,user1794@theotokus.dev,pwd123
User1795,user1795@theotokus.dev,pwd123
User1796,user1796@theotokus.dev,pwd123
User1797,user1797@theotokus.dev,pwd123
User1798,user1798@theotokus.dev,pwd123
User1799,user1799@theotokus.dev,pwd123
User1800,user1800@theotokus.dev,pwd123
User1801,user1801@theotokus.dev,pwd123
User1802,user1802@theotokus.dev,pwd123
User1803,user1803@theotokus.dev,pwd123
User1804,user1804@theotokus.dev,pwd123
User1805,user1805@theotokus.dev,pwd123
User1806,user1806@theotokus.dev,pwd123
User1807,user1807@theotokus.dev,pwd123
User1808,user1808@theotokus.dev,pwd123
User1809,user1809@theotokus.dev,pwd123
User1810,user1810@theotokus.dev,pwd123
User1811,user1811@theotokus.dev,pwd123
User1812,user1812@theotokus.dev,pwd123
User1813,user1813@theotokus.dev,pwd123
User1814,user1814@theotokus.dev,pwd123
User1815,user1815@theotokus.dev,pwd123
User1816,user1816@theotokus.dev,pwd123
User1817,user1817@theotokus.dev,pwd123
User1818,user1818@theotokus.dev,pwd123
User1819,user1819@theotokus.dev,pwd123
User1820,user1820@theotokus.dev,pwd123
User1821,user1821@theotokus.dev,pwd123
User1822,user1822@theotokus.dev,pwd123
User1823,user1823@theotokus.dev,pwd123
User1824,user1824@theotokus.dev,pwd123
User1825,user1825@theotokus.dev,pwd123
User1826,user1826@theotokus.dev,pwd123
User1827,user1827@theotokus.dev,pwd123
User1828,user1828@theotokus.dev,pwd123
User1829,user1829@theotokus.dev,pwd123
User1830,user1830@theotokus.dev,pwd123
User1831,user1831@theotokus.dev,pwd123
User1832,user1832@theotokus.dev,pwd123
User1833,user1833@theotokus.dev,pwd123
User1834,user1834@theotokus.dev,pwd123
User1835,user1835@theotokus.dev,pwd123
User1836,user1836@theotokus.dev,pwd123
User1837,user1837@theotokus.dev,pwd123
User1838,user1838@theotokus.dev,pwd123
User1839,user1839@theotokus.dev,pwd123
User1840,user1840@theotokus.dev,pwd123
User1841,user1841@theotokus.dev,pwd123
User1842,user1842@theotokus.dev,pwd123
User1843,user1843@theotokus.dev,pwd123
User1844,user1844@theotokus.dev,pwd123
User1845,user1845@theotokus.dev,pwd123
User1846,user1846@theotokus.dev,pwd123
User1847,user1847@theotokus.dev,pwd123
User1848,user1848@theotokus.dev,pwd123
User1849,user1849@theotokus.dev,pwd123
User1850,user1850@theotokus.dev,pwd123
User1851,user1851@theotokus.dev,pwd123
User1852,user1852@theotokus.dev,pwd123
User1853,user1853@theotokus.dev,pwd123
User1854,user1854@theotokus.dev,pwd123
User1855,user1855@theotokus.dev,pwd123
User1856,user1856@theotokus.dev,pwd123
User1857,user1857@theotokus.dev,pwd123
User1858,user1858@theotokus.dev,pwd123
User1859,user1859@theotokus.dev,pwd123
User1860,user1860@theotokus.dev,pwd123
User1861,user1861@theotokus.dev,pwd123
User1862,user1862@theotokus.dev,pwd123
User1863,user1863@theotokus.dev,pwd123
User1864,user1864@theotokus.dev,pwd123
User1865,user1865@theotokus.dev,pwd123
User1866,user1866@theotokus.dev,pwd123
User1867,user1867@theotokus.dev,pwd123
User1868,user1868@theotokus.dev,pwd123
User1869,user1869@theotokus.dev,pwd123
User1870,user1870@theotokus.dev,pwd123
User1871,user1871@theotokus.dev,pwd123
User1872,user1872@theotokus.dev,pwd123
User1873,user1873@theotokus.dev,pwd123
User1874,user1874@theotokus.dev,pwd123
User1875,user1875@theotokus.dev,pwd123
User1876,user1876@theotokus.dev,pwd123
User1877,user1877@theotokus.dev,pwd123
User1878,user1878@theotokus.dev,pwd123
User1879,user1879@theotokus.dev,pwd123
User1880,user1880@theotokus.dev,pwd123
User1881,user1881@theotokus.dev,pwd123
User1882,user1882@theotokus.dev,pwd123
User1883,user1883@theotokus.dev,pwd123
User1884,user1884@theotokus.dev,pwd123
User1885,user1885@theotokus.dev,pwd123
User1886,user1886@theotokus.dev,pwd123
User1887,user1887@theotokus.dev,pwd123
User1888,user1888@theotokus.dev,pwd123
User1889,user1889@theotokus.dev,pwd123
User1890,user1890@theotokus.dev,pwd123
User1891,user1891@theotokus.dev,pwd123
User1892,user1892@theotokus.dev,pwd123
User1893,user1893@theotokus.dev,pwd123
User1894,user1894@theotokus.dev,pwd123
User1895,user1895@theotokus.dev,pwd123
User1896,user1896@theotokus.dev,pwd123
User1897,user1897@theotokus.dev,pwd123
User1898,user1898@theotokus.dev,pwd123
User1899,user1899@theotokus.dev,pwd123
User1900,user1900@theotokus.dev,pwd123
User1901,user1901@theotokus.dev,pwd123
User1902,user1902@theotokus.dev,pwd123
User1903,user1903@theotokus.dev,pwd123
User1904,user1904@theotokus.dev,pwd123
User1905,user1905@theotokus.dev,pwd123
User1906,user1906@theotokus.dev,pwd123
User1907,user1907@theotokus.dev,pwd123
User1908,user1908@theotokus.dev,pwd123
User1909,user1909@theotokus.dev,pwd123
User1910,user1910@theotokus.dev,pwd123
User1911,user1911@theotokus.dev,pwd123
User1912,user1912@theotokus.dev,pwd123
User1913,user1913@theotokus.dev,pwd123
User1914,user1914@theotokus.dev,pwd123
User1915,user1915@theotokus.dev,pwd123
User1916,user1916@theotokus.dev,pwd123
User1917,user1917@theotokus.dev,pwd123
User1918,user1918@theotokus.dev,pwd123
User1919,user1919@theotokus.dev,pwd123
User1920,user1920@theotokus.dev,pwd123
User1921,user1921@theotokus.dev,pwd123
User1922,user1922@theotokus.dev,pwd123
User1923,user1923@theotokus.dev,pwd123
User1924,user1924@theotokus.dev,pwd123
User1925,user1925@theotokus.dev,pwd123
User1926,user1926@theotokus.dev,pwd123
User1927,user1927@theotokus.dev,pwd123
User1928,user1928@theotokus.dev,pwd123
User1929,user1929@theotokus.dev,pwd123
User1930,user1930@theotokus.dev,pwd123
User1931,user1931@theotokus.dev,pwd123
User1932,user1932@theotokus.dev,pwd123
User1933,user1933@theotokus.dev,pwd123
User1934,user1934@theotokus.dev,pwd123
User1935,user1935@theotokus.dev,pwd123
User1936,user1936@theotokus.dev,pwd123
User1937,user1937@theotokus.dev,pwd123
User1938,user1938@theotokus.dev,pwd123
User1939,user1939@theotokus.dev,pwd123
User1940,user1940@theotokus.dev,pwd123
User1941,user1941@theotokus.dev,pwd123
User1942,user1942@theotokus.dev,pwd123
User1943,user1943@theotokus.dev,pwd123
User1944,user1944@theotokus.dev,pwd123
User1945,user1945@theotokus.dev,pwd123
User1946,user1946@theotokus.dev,pwd123
User1947,user1947@theotokus.dev,pwd123
User1948,user1948@theotokus.dev,pwd123
User1949,user1949@theotokus.dev,pwd123
User1950,user1950@theotokus.dev,pwd123
User1951,user1951@theotokus.dev,pwd123
User1952,user1952@theotokus.dev,pwd123
User1953,user1953@theotokus.dev,pwd123
User1954,user1954@theotokus.dev,pwd123
User1955,user1955@theotokus.dev,pwd123
User1956,user1956@theotokus.dev,pwd123
User1957,user1957@theotokus.dev,pwd123
User1958,user1958@theotokus.dev,pwd123
User1959,user1959@theotokus.dev,pwd123
User1960,user1960@theotokus.dev,pwd123
User1961,user1961@theotokus.dev,pwd123
User1962,user1962@theotokus.dev,pwd123
User1963,user1963@theotokus.dev,pwd123
User1964,user1964@theotokus.dev,pwd123
User1965,user1965@theotokus.dev,pwd123
User1966,user1966@theotokus.dev,pwd123
User1967,user1967@theotokus.dev,pwd123
User1968,user1968@theotokus.dev,pwd123
User1969,user1969@theotokus.dev,pwd123
User1970,user1970@theotokus.dev,pwd123
User1971,user1971@theotokus.dev,pwd123
User1972,user1972@theotokus.dev,pwd123
User1973,user1973@theotokus.dev,pwd123
User1974,user1974@theotokus.dev,pwd123
User1975,user1975@theotokus.dev,pwd123
User1976,user1976@theotokus.dev,pwd123
User1977,user1977@theotokus.dev,pwd123
User1978,user1978@theotokus.dev,pwd123
User1979,user1979@theotokus.dev,pwd123
User1980,user1980@theotokus.dev,pwd123
User1981,user1981@theotokus.dev,pwd123
User1982,user1982@theotokus.dev,pwd123
User1983,user1983@theotokus.dev,pwd123
User1984,user1984@theotokus.dev,pwd123
User1985,user1985@theotokus.dev,pwd123
User1986,user1986@theotokus.dev,pwd123
User1987,user1987@theotokus.dev,pwd123
User1988,user1988@theotokus.dev,pwd123
User1989,user1989@theotokus.dev,pwd123
User1990,user1990@theotokus.dev,pwd123
User1991,user1991@theotokus.dev,pwd123
User1992,user1992@theotokus.dev,pwd123
User1993,user1993@theotokus.dev,pwd123
User1994,user1994@theotokus.dev,pwd123
User1995,user1995@theotokus.dev,pwd123
User1996,user1996@theotokus.dev,pwd123
User1997,user1997@theotokus.dev,pwd123
User1998,user1998@theotokus.dev,pwd123
User1999,user1999@theotokus.dev,pwd123
User2000,user2000@theotokus.dev,pwd123
User2001,user2001@theotokus.dev,pwd123
User2002,user2002@theotokus.dev,pwd123
User2003,user2003@theotokus.dev,pwd123
User2004,user2004@theotokus.dev,pwd123
User2005,user2005@theotokus.dev,pwd123
User2006,user2006@theotokus.dev,pwd123
User2007,user2007@theotokus.dev,pwd123
User2008,user2008@theotokus.dev,pwd123
User2009,user2009@theotokus.dev,pwd123
User2010,user2010@theotokus.dev,pwd123
User2011,user2011@theotokus.dev,pwd123
User2012,user2012@theotokus.dev,pwd123
User2013,user2013@theotokus.dev,pwd123
User2014,user2014@theotokus.dev,pwd123
User2015,user2015@theotokus.dev,pwd123
User2016,user2016@theotokus.dev,pwd123
User2017,user2017@theotokus.dev,pwd123
User2018,user2018@theotokus.dev,pwd123
User2019,user2019@theotokus.dev,pwd123
User2020,user2020@theotokus.dev,pwd123
User2021,user2021@theotokus.dev,pwd123
User2022,user2022@theotokus.dev,pwd123
User2023,user2023@theotokus.dev,pwd123
User2024,user2024@theotokus.dev,pwd123
User2025,user2025@theotokus.dev,pwd123
User2026,user2026@theotokus.dev,pwd123
User2027,user2027@theotokus.dev,pwd123
User2028,user2028@theotokus.dev,pwd123
User2029,user2029@theotokus.dev,pwd123
User2030,user2030@theotokus.dev,pwd123
User2031,user2031@theotokus.dev,pwd123
User2032,user2032@theotokus.dev,pwd123
User2033,user2033@theotokus.dev,pwd123
User2034,user2034@theotokus.dev,pwd123
User2035,user2035@theotokus.dev,pwd123
User2036,user2036@theotokus.dev,pwd123
User2037,user2037@theotokus.dev,pwd123
User2038,user2038@theotokus.dev,pwd123
User2039,user2039@theotokus.dev,pwd123
User2040,user2040@theotokus.dev,pwd123
User2041,user2041@theotokus.dev,pwd123
User2042,user2042@theotokus.dev,pwd123
User2043,user2043@theotokus.dev,pwd123
User2044,user2044@theotokus.dev,pwd123
User2045,user2045@theotokus.dev,pwd123
User2046,user2046@theotokus.dev,pwd123
User2047,user2047@theotokus.dev,pwd123
User2048,user2048@theotokus.dev,pwd123
User2049,user2049@theotokus.dev,pwd123
User2050,user2050@theotokus.dev,pwd123
User2051,user2051@theotokus.dev,pwd123
User2052,user2052@theotokus.dev,pwd123
User2053,user2053@theotokus.dev,pwd123
User2054,user2054@theotokus.dev,pwd123
User2055,user2055@theotokus.dev,pwd123
User2056,user2056@theotokus.dev,pwd123
User2057,user2057@theotokus.dev,pwd123
User2058,user2058@theotokus.dev,pwd123
User2059,user2059@theotokus.dev,pwd123
User2060,user2060@theotokus.dev,pwd123
User2061,user2061@theotokus.dev,pwd123
User2062,user2062@theotokus.dev,pwd123
User2063,user2063@theotokus.dev,pwd123
User2064,user2064@theotokus.dev,pwd123
User2065,user2065@theotokus.dev,pwd123
User2066,user2066@theotokus.dev,pwd123
User2067,user2067@theotokus.dev,pwd123
User2068,user2068@theotokus.dev,pwd123
User2069,user2069@theotokus.dev,pwd123
User2070,user2070@theotokus.dev,pwd123
User2071,user2071@theotokus.dev,pwd123
User2072,user2072@theotokus.dev,pwd123
User2073,user2073@theotokus.dev,pwd123
User2074,user2074@theotokus.dev,pwd123
User2075,user2075@theotokus.dev,pwd123
User2076,user2076@theotokus.dev,pwd123
User2077,user2077@theotokus.dev,pwd123
User2078,user2078@theotokus.dev,pwd123
User2079,user2079@theotokus.dev,pwd123
User2080,user2080@theotokus.dev,pwd123
User2081,user2081@theotokus.dev,pwd123
User2082,user2082@theotokus.dev,pwd123
User2083,user2083@theotokus.dev,pwd123
User2084,user2084@theotokus.dev,pwd123
User2085,user2085@theotokus.dev,pwd123
User2086,user2086@theotokus.dev,pwd123
User2087,user2087@theotokus.dev,pwd123
User2088,user2088@theotokus.dev,pwd123
User2089,user2089@theotokus.dev,pwd123
User2090,user2090@theotokus.dev,pwd123
User2091,user2091@theotokus.dev,pwd123
User2092,user2092@theotokus.dev,pwd123
User2093,user2093@theotokus.dev,pwd123
User2094,user2094@theotokus.dev,pwd123
User2095,user2095@theotokus.dev,pwd123
User2096,user2096@theotokus.dev,pwd123
User2097,user2097@theotokus.dev,pwd123
User2098,user2098@theotokus.dev,pwd123
User2099,user2099@theotokus.dev,pwd123
User2100,user2100@theotokus.dev,pwd123
User2101,user2101@theotokus.dev,pwd123
User2102,user2102@theotokus.dev,pwd123
User2103,user2103@theotokus.dev,pwd123
User2104,user2104@theotokus.dev,pwd123
User2105,user2105@theotokus.dev,pwd123
User2106,user2106@theotokus.dev,pwd123
User2107,user2107@theotokus.dev,pwd123
User2108,user2108@theotokus.dev,pwd123
User2109,user2109@theotokus.dev,pwd123
User2110,user2110@theotokus.dev,pwd123
User2111,user2111@theotokus.dev,pwd123
User2112,user2112@theotokus.dev,pwd123
User2113,user2113@theotokus.dev,pwd123
User2114,user2114@theotokus.dev,pwd123
User2115,user2115@theotokus.dev,pwd123
User2116,user2116@theotokus.dev,pwd123
User2117,user2117@theotokus.dev,pwd123
User2118,user2118@theotokus.dev,pwd123
User2119,user2119@theotokus.dev,pwd123
User2120,user2120@theotokus.dev,pwd123
User2121,user2121@theotokus.dev,pwd123
User2122,user2122@theotokus.dev,pwd123
User2123,user2123@theotokus.dev,pwd123
User2124,user2124@theotokus.dev,pwd123
User2125,user2125@theotokus.dev,pwd123
User2126,user2126@theotokus.dev,pwd123
User2127,user2127@theotokus.dev,pwd123
User2128,user2128@theotokus.dev,pwd123
User2129,user2129@theotokus.dev,pwd123
User2130,user2130@theotokus.dev,pwd123
User2131,user2131@theotokus.dev,pwd123
User2132,user2132@theotokus.dev,pwd123
User2133,user2133@theotokus.dev,pwd123
User2134,user2134@theotokus.dev,pwd123
User2135,user2135@theotokus.dev,pwd123
User2136,user2136@theotokus.dev,pwd123
User2137,user2137@theotokus.dev,pwd123
User2138,user2138@theotokus.dev,pwd123
User2139,user2139@theotokus.dev,pwd123
User2140,user2140@theotokus.dev,pwd123
User2141,user2141@theotokus.dev,pwd123
User2142,user2142@theotokus.dev,pwd123
User2143,user2143@theotokus.dev,pwd123
User2144,user2144@theotokus.dev,pwd123
User2145,user2145@theotokus.dev,pwd123
User2146,user2146@theotokus.dev,pwd123
User2147,user2147@theotokus.dev,pwd123
User2148,user2148@theotokus.dev,pwd123
User2149,user2149@theotokus.dev,pwd123
User2150,user2150@theotokus.dev,pwd123
User2151,user2151@theotokus.dev,pwd123
User2152,user2152@theotokus.dev,pwd123
User2153,user2153@theotokus.dev,pwd123
User2154,user2154@theotokus.dev,pwd123
User2155,user2155@theotokus.dev,pwd123
User2156,user2156@theotokus.dev,pwd123
User2157,user2157@theotokus.dev,pwd123
User2158,user2158@theotokus.dev,pwd123
User2159,user2159@theotokus.dev,pwd123
User2160,user2160@theotokus.dev,pwd123
User2161,user2161@theotokus.dev,pwd123
User2162,user2162@theotokus.dev,pwd123
User2163,user2163@theotokus.dev,pwd123
User2164,user2164@theotokus.dev,pwd123
User2165,user2165@theotokus.dev,pwd123
User2166,user2166@theotokus.dev,pwd123
User2167,user2167@theotokus.dev,pwd123
User2168,user2168@theotokus.dev,pwd123
User2169,user2169@theotokus.dev,pwd123
User2170,user2170@theotokus.dev,pwd123
User2171,user2171@theotokus.dev,pwd123
User2172,user2172@theotokus.dev,pwd123
User2173,user2173@theotokus.dev,pwd123
User2174,user2174@theotokus.dev,pwd123
User2175,user2175@theotokus.dev,pwd123
User2176,user2176@theotokus.dev,pwd123
User2177,user2177@theotokus.dev,pwd123
User2178,user2178@theotokus.dev,pwd123
User2179,user2179@theotokus.dev,pwd123
User2180,user2180@theotokus.dev,pwd123
User2181,user2181@theotokus.dev,pwd123
User2182,user2182@theotokus.dev,pwd123
User2183,user2183@theotokus.dev,pwd123
User2184,user2184@theotokus.dev,pwd123
User2185,user2185@theotokus.dev,pwd123
User2186,user2186@theotokus.dev,pwd123
User2187,user2187@theotokus.dev,pwd123
User2188,user2188@theotokus.dev,pwd123
User2189,user2189@theotokus.dev,pwd123
User2190,user2190@theotokus.dev,pwd123
User2191,user2191@theotokus.dev,pwd123
User2192,user2192@theotokus.dev,pwd123
User2193,user2193@theotokus.dev,pwd123
User2194,user2194@theotokus.dev,pwd123
User2195,user2195@theotokus.dev,pwd123
User2196,user2196@theotokus.dev,pwd123
User2197,user2197@theotokus.dev,pwd123
User2198,user2198@theotokus.dev,pwd123
User2199,user2199@theotokus.dev,pwd123
User2200,user2200@theotokus.dev,pwd123
User2201,user2201@theotokus.dev,pwd123
User2202,user2202@theotokus.dev,pwd123
User2203,user2203@theotokus.dev,pwd123
User2204,user2204@theotokus.dev,pwd123
User2205,user2205@theotokus.dev,pwd123
User2206,user2206@theotokus.dev,pwd123
User2207,user2207@theotokus.dev,pwd123
User2208,user2208@theotokus.dev,pwd123
User2209,user2209@theotokus.dev,pwd123
User2210,user2210@theotokus.dev,pwd123
User2211,user2211@theotokus.dev,pwd123
User2212,user2212@theotokus.dev,pwd123
User2213,user2213@theotokus.dev,pwd123
User2214,user2214@theotokus.dev,pwd123
User2215,user2215@theotokus.dev,pwd123
User2216,user2216@theotokus.dev,pwd123
User2217,user2217@theotokus.dev,pwd123
User2218,user2218@theotokus.dev,pwd123
User2219,user2219@theotokus.dev,pwd123
User2220,user2220@theotokus.dev,pwd123
User2221,user2221@theotokus.dev,pwd123
User2222,user2222@theotokus.dev,pwd123
User2223,user2223@theotokus.dev,pwd123
User2224,user2224@theotokus.dev,pwd123
User2225,user2225@theotokus.dev,pwd123
User2226,user2226@theotokus.dev,pwd123
User2227,user2227@theotokus.dev,pwd123
User2228,user2228@theotokus.dev,pwd123
User2229,user2229@theotokus.dev,pwd123
User2230,user2230@theotokus.dev,pwd123
User2231,user2231@theotokus.dev,pwd123
User2232,user2232@theotokus.dev,pwd123
User2233,user2233@theotokus.dev,pwd123
User2234,user2234@theotokus.dev,pwd123
User2235,user2235@theotokus.dev,pwd123
User2236,user2236@theotokus.dev,pwd123
User2237,user2237@theotokus.dev,pwd123
User2238,user2238@theotokus.dev,pwd123
User2239,user2239@theotokus.dev,pwd123
User2240,user2240@theotokus.dev,pwd123
User2241,user2241@theotokus.dev,pwd123
User2242,user2242@theotokus.dev,pwd123
User2243,user2243@theotokus.dev,pwd123
User2244,user2244@theotokus.dev,pwd123
User2245,user2245@theotokus.dev,pwd123
User2246,user2246@theotokus.dev,pwd123
User2247,user2247@theotokus.dev,pwd123
User2248,user2248@theotokus.dev,pwd123
User2249,user2249@theotokus.dev,pwd123
User2250,user2250@theotokus.dev,pwd123
User2251,user2251@theotokus.dev,pwd123
User2252,user2252@theotokus.dev,pwd123
User2253,user2253@theotokus.dev,pwd123
User2254,user2254@theotokus.dev,pwd123
User2255,user2255@theotokus.dev,pwd123
User2256,user2256@theotokus.dev,pwd123
User2257,user2257@theotokus.dev,pwd123
User2258,user2258@theotokus.dev,pwd123
User2259,user2259@theotokus.dev,pwd123
User2260,user2260@theotokus.dev,pwd123
User2261,user2261@theotokus.dev,pwd123
User2262,user2262@theotokus.dev,pwd123
User2263,user2263@theotokus.dev,pwd123
User2264,user2264@theotokus.dev,pwd123
User2265,user2265@theotokus.dev,pwd123
User2266,user2266@theotokus.dev,pwd123
User2267,user2267@theotokus.dev,pwd123
User2268,user2268@theotokus.dev,pwd123
User2269,user2269@theotokus.dev,pwd123
User2270,user2270@theotokus.dev,pwd123
User2271,user2271@theotokus.dev,pwd123
User2272,user2272@theotokus.dev,pwd123
User2273,user2273@theotokus.dev,pwd123
User2274,user2274@theotokus.dev,pwd123
User2275,user2275@theotokus.dev,pwd123
User2276,user2276@theotokus.dev,pwd123
User2277,user2277@theotokus.dev,pwd123
User2278,user2278@theotokus.dev,pwd123
User2279,user2279@theotokus.dev,pwd123
User2280,user2280@theotokus.dev,pwd123
User2281,user2281@theotokus.dev,pwd123
User2282,user2282@theotokus.dev,pwd123
User2283,user2283@theotokus.dev,pwd123
User2284,user2284@theotokus.dev,pwd123
User2285,user2285@theotokus.dev,pwd123
User2286,user2286@theotokus.dev,pwd123
User2287,user2287@theotokus.dev,pwd123
User2288,user2288@theotokus.dev,pwd123
User2289,user2289@theotokus.dev,pwd123
User2290,user2290@theotokus.dev,pwd123
User2291,user2291@theotokus.dev,pwd123
User2292,user2292@theotokus.dev,pwd123
User2293,user2293@theotokus.dev,pwd123
User2294,user2294@theotokus.dev,pwd123
User2295,user2295@theotokus.dev,pwd123
User2296,user2296@theotokus.dev,pwd123
User2297,user2297@theotokus.dev,pwd123
User2298,user2298@theotokus.dev,pwd123
User2299,user2299@theotokus.dev,pwd123
User2300,user2300@theotokus.dev,pwd123
User2301,user2301@theotokus.dev,pwd123
User2302,user2302@theotokus.dev,pwd123
User2303,user2303@theotokus.dev,pwd123
User2304,user2304@theotokus.dev,pwd123
User2305,user2305@theotokus.dev,pwd123
User2306,user2306@theotokus.dev,pwd123
User2307,user2307@theotokus.dev,pwd123
User2308,user2308@theotokus.dev,pwd123
User2309,user2309@theotokus.dev,pwd123
User2310,user2310@theotokus.dev,pwd123
User2311,user2311@theotokus.dev,pwd123
User2312,user2312@theotokus.dev,pwd123
User2313,user2313@theotokus.dev,pwd123
User2314,user2314@theotokus.dev,pwd123
User2315,user2315@theotokus.dev,pwd123
User2316,user2316@theotokus.dev,pwd123
User2317,user2317@theotokus.dev,pwd123
User2318,user2318@theotokus.dev,pwd123
User2319,user2319@theotokus.dev,pwd123
User2320,user2320@theotokus.dev,pwd123
User2321,user2321@theotokus.dev,pwd123
User2322,user2322@theotokus.dev,pwd123
User2323,user2323@theotokus.dev,pwd123
User2324,user2324@theotokus.dev,pwd123
User2325,user2325@theotokus.dev,pwd123
User2326,user2326@theotokus.dev,pwd123
User2327,user2327@theotokus.dev,pwd123
User2328,user2328@theotokus.dev,pwd123
User2329,user2329@theotokus.dev,pwd123
User2330,user2330@theotokus.dev,pwd123
User2331,user2331@theotokus.dev,pwd123
User2332,user2332@theotokus.dev,pwd123
User2333,user2333@theotokus.dev,pwd123
User2334,user2334@theotokus.dev,pwd123
User2335,user2335@theotokus.dev,pwd123
User2336,user2336@theotokus.dev,pwd123
User2337,user2337@theotokus.dev,pwd123
User2338,user2338@theotokus.dev,pwd123
User2339,user2339@theotokus.dev,pwd123
User2340,user2340@theotokus.dev,pwd123
User2341,user2341@theotokus.dev,pwd123
User2342,user2342@theotokus.dev,pwd123
User2343,user2343@theotokus.dev,pwd123
User2344,user2344@theotokus.dev,pwd123
User2345,user2345@theotokus.dev,pwd123
User2346,user2346@theotokus.dev,pwd123
User2347,user2347@theotokus.dev,pwd123
User2348,user2348@theotokus.dev,pwd123
User2349,user2349@theotokus.dev,pwd123
User2350,user2350@theotokus.dev,pwd123
User2351,user2351@theotokus.dev,pwd123
User2352,user2352@theotokus.dev,pwd123
User2353,user2353@theotokus.dev,pwd123
User2354,user2354@theotokus.dev,pwd123
User2355,user2355@theotokus.dev,pwd123
User2356,user2356@theotokus.dev,pwd123
User2357,user2357@theotokus.dev,pwd123
User2358,user2358@theotokus.dev,pwd123
User2359,user2359@theotokus.dev,pwd123
User2360,user2360@theotokus.dev,pwd123
User2361,user2361@theotokus.dev,pwd123
User2362,user2362@theotokus.dev,pwd123
User2363,user2363@theotokus.dev,pwd123
User2364,user2364@theotokus.dev,pwd123
User2365,user2365@theotokus.dev,pwd123
User2366,user2366@theotokus.dev,pwd123
User2367,user2367@theotokus.dev,pwd123
User2368,user2368@theotokus.dev,pwd123
User2369,user2369@theotokus.dev,pwd123
User2370,user2370@theotokus.dev,pwd123
User2371,user2371@theotokus.dev,pwd123
User2372,user2372@theotokus.dev,pwd123
User2373,user2373@theotokus.dev,pwd123
User2374,user2374@theotokus.dev,pwd123
User2375,user2375@theotokus.dev,pwd123
User2376,user2376@theotokus.dev,pwd123
User2377,user2377@theotokus.dev,pwd123
User2378,user2378@theotokus.dev,pwd123
User2379,user2379@theotokus.dev,pwd123
User2380,user2380@theotokus.dev,pwd123
User2381,user2381@theotokus.dev,pwd123
User2382,user2382@theotokus.dev,pwd123
User2383,user2383@theotokus.dev,pwd123
User2384,user2384@theotokus.dev,pwd123
User2385,user2385@theotokus.dev,pwd123
User2386,user2386@theotokus.dev,pwd123
User2387,user2387@theotokus.dev,pwd123
User2388,user2388@theotokus.dev,pwd123
User2389,user2389@theotokus.dev,pwd123
User2390,user2390@theotokus.dev,pwd123
User2391,user2391@theotokus.dev,pwd123
User2392,user2392@theotokus.dev,pwd123
User2393,user2393@theotokus.dev,pwd123
User2394,user2394@theotokus.dev,pwd123
User2395,user2395@theotokus.dev,pwd123
User2396,user2396@theotokus.dev,pwd123
User2397,user2397@theotokus.dev,pwd123
User2398,user2398@theotokus.dev,pwd123
User2399,user2399@theotokus.dev,pwd123
User2400,user2400@theotokus.dev,pwd123
User2401,user2401@theotokus.dev,pwd123
User2402,user2402@theotokus.dev,pwd123
User2403,user2403@theotokus.dev,pwd123
User2404,user2404@theotokus.dev,pwd123
User2405,user2405@theotokus.dev,pwd123
User2406,user2406@theotokus.dev,pwd123
User2407,user2407@theotokus.dev,pwd123
User2408,user2408@theotokus.dev,pwd123
User2409,user2409@theotokus.dev,pwd123
User2410,user2410@theotokus.dev,pwd123
User2411,user2411@theotokus.dev,pwd123
User2412,user2412@theotokus.dev,pwd123
User2413,user2413@theotokus.dev,pwd123
User2414,user2414@theotokus.dev,pwd123
User2415,user2415@theotokus.dev,pwd123
User2416,user2416@theotokus.dev,pwd123
User2417,user2417@theotokus.dev,pwd123
User2418,user2418@theotokus.dev,pwd123
User2419,user2419@theotokus.dev,pwd123
User2420,user2420@theotokus.dev,pwd123
User2421,user2421@theotokus.dev,pwd123
User2422,user2422@theotokus.dev,pwd123
User2423,user2423@theotokus.dev,pwd123
User2424,user2424@theotokus.dev,pwd123
User2425,user2425@theotokus.dev,pwd123
User2426,user2426@theotokus.dev,pwd123
User2427,user2427@theotokus.dev,pwd123
User2428,user2428@theotokus.dev,pwd123
User2429,user2429@theotokus.dev,pwd123
User2430,user2430@theotokus.dev,pwd123
User2431,user2431@theotokus.dev,pwd123
User2432,user2432@theotokus.dev,pwd123
User2433,user2433@theotokus.dev,pwd123
User2434,user2434@theotokus.dev,pwd123
User2435,user2435@theotokus.dev,pwd123
User2436,user2436@theotokus.dev,pwd123
User2437,user2437@theotokus.dev,pwd123
User2438,user2438@theotokus.dev,pwd123
User2439,user2439@theotokus.dev,pwd123
User2440,user2440@theotokus.dev,pwd123
User2441,user2441@theotokus.dev,pwd123
User2442,user2442@theotokus.dev,pwd123
User2443,user2443@theotokus.dev,pwd123
User2444,user2444@theotokus.dev,pwd123
User2445,user2445@theotokus.dev,pwd123
User2446,user2446@theotokus.dev,pwd123
User2447,user2447@theotokus.dev,pwd123
User2448,user2448@theotokus.dev,pwd123
User2449,user2449@theotokus.dev,pwd123
User2450,user2450@theotokus.dev,pwd123
User2451,user2451@theotokus.dev,pwd123
User2452,user2452@theotokus.dev,pwd123
User2453,user2453@theotokus.dev,pwd123
User2454,user2454@theotokus.dev,pwd123
User2455,user2455@theotokus.dev,pwd123
User2456,user2456@theotokus.dev,pwd123
User2457,user2457@theotokus.dev,pwd123
User2458,user2458@theotokus.dev,pwd123
User2459,user2459@theotokus.dev,pwd123
User2460,user2460@theotokus.dev,pwd123
User2461,user2461@theotokus.dev,pwd123
User2462,user2462@theotokus.dev,pwd123
User2463,user2463@theotokus.dev,pwd123
User2464,user2464@theotokus.dev,pwd123
User2465,user2465@theotokus.dev,pwd123
User2466,user2466@theotokus.dev,pwd123
User2467,user2467@theotokus.dev,pwd123
User2468,user2468@theotokus.dev,pwd123
User2469,user2469@theotokus.dev,pwd123
User2470,user2470@theotokus.dev,pwd123
User2471,user2471@theotokus.dev,pwd123
User2472,user2472@theotokus.dev,pwd123
User2473,user2473@theotokus.dev,pwd123
User2474,user2474@theotokus.dev,pwd123
User2475,user2475@theotokus.dev,pwd123
User2476,user2476@theotokus.dev,pwd123
User2477,user2477@theotokus.dev,pwd123
User2478,user2478@theotokus.dev,pwd123
User2479,user2479@theotokus.dev,pwd123
User2480,user2480@theotokus.dev,pwd123
User2481,user2481@theotokus.dev,pwd123
User2482,user2482@theotokus.dev,pwd123
User2483,user2483@theotokus.dev,pwd123
User2484,user2484@theotokus.dev,pwd123
User2485,user2485@theotokus.dev,pwd123
User2486,user2486@theotokus.dev,pwd123
User2487,user2487@theotokus.dev,pwd123
User2488,user2488@theotokus.dev,pwd123
User2489,user2489@theotokus.dev,pwd123
User2490,user2490@theotokus.dev,pwd123
User2491,user2491@theotokus.dev,pwd123
User2492,user2492@theotokus.dev,pwd123
User2493,user2493@theotokus.dev,pwd123
User2494,user2494@theotokus.dev,pwd123
User2495,user2495@theotokus.dev,pwd123
User2496,user2496@theotokus.dev,pwd123
User2497,user2497@theotokus.dev,pwd123
User2498,user2498@theotokus.dev,pwd123
User2499,user2499@theotokus.dev,pwd123
User2500,user2500@theotokus.dev,pwd123
User2501,user2501@theotokus.dev,pwd123
User2502,user2502@theotokus.dev,pwd123
User2503,user2503@theotokus.dev,pwd123
User2504,user2504@theotokus.dev,pwd123
User2505,user2505@theotokus.dev,pwd123
User2506,user2506@theotokus.dev,pwd123
User2507,user2507@theotokus.dev,pwd123
User2508,user2508@theotokus.dev,pwd123
User2509,user2509@theotokus.dev,pwd123
User2510,user2510@theotokus.dev,pwd123
User2511,user2511@theotokus.dev,pwd123
User2512,user2512@theotokus.dev,pwd123
User2513,user2513@theotokus.dev,pwd123
User2514,user2514@theotokus.dev,pwd123
User2515,user2515@theotokus.dev,pwd123
User2516,user2516@theotokus.dev,pwd123
User2517,user2517@theotokus.dev,pwd123
User2518,user2518@theotokus.dev,pwd123
User2519,user2519@theotokus.dev,pwd123
User2520,user2520@theotokus.dev,pwd123
User2521,user2521@theotokus.dev,pwd123
User2522,user2522@theotokus.dev,pwd123
User2523,user2523@theotokus.dev,pwd123
User2524,user2524@theotokus.dev,pwd123
User2525,user2525@theotokus.dev,pwd123
User2526,user2526@theotokus.dev,pwd123
User2527,user2527@theotokus.dev,pwd123
User2528,user2528@theotokus.dev,pwd123
User2529,user2529@theotokus.dev,pwd123
User2530,user2530@theotokus.dev,pwd123
User2531,user2531@theotokus.dev,pwd123
User2532,user2532@theotokus.dev,pwd123
User2533,user2533@theotokus.dev,pwd123
User2534,user2534@theotokus.dev,pwd123
User2535,user2535@theotokus.dev,pwd123
User2536,user2536@theotokus.dev,pwd123
User2537,user2537@theotokus.dev,pwd123
User2538,user2538@theotokus.dev,pwd123
User2539,user2539@theotokus.dev,pwd123
User2540,user2540@theotokus.dev,pwd123
User2541,user2541@theotokus.dev,pwd123
User2542,user2542@theotokus.dev,pwd123
User2543,user2543@theotokus.dev,pwd123
User2544,user2544@theotokus.dev,pwd123
User2545,user2545@theotokus.dev,pwd123
User2546,user2546@theotokus.dev,pwd123
User2547,user2547@theotokus.dev,pwd123
User2548,user2548@theotokus.dev,pwd123
User2549,user2549@theotokus.dev,pwd123
User2550,user2550@theotokus.dev,pwd123
User2551,user2551@theotokus.dev,pwd123
User2552,user2552@theotokus.dev,pwd123
User2553,user2553@theotokus.dev,pwd123
User2554,user2554@theotokus.dev,pwd123
User2555,user2555@theotokus.dev,pwd123
User2556,user2556@theotokus.dev,pwd123
User2557,user2557@theotokus.dev,pwd123
User2558,user2558@theotokus.dev,pwd123
User2559,user2559@theotokus.dev,pwd123
User2560,user2560@theotokus.dev,pwd123
User2561,user2561@theotokus.dev,pwd123
User2562,user2562@theotokus.dev,pwd123
User2563,user2563@theotokus.dev,pwd123
User2564,user2564@theotokus.dev,pwd123
User2565,user2565@theotokus.dev,pwd123
User2566,user2566@theotokus.dev,pwd123
User2567,user2567@theotokus.dev,pwd123
User2568,user2568@theotokus.dev,pwd123
User2569,user2569@theotokus.dev,pwd123
User2570,user2570@theotokus.dev,pwd123
User2571,user2571@theotokus.dev,pwd123
User2572,user2572@theotokus.dev,pwd123
User2573,user2573@theotokus.dev,pwd123
User2574,user2574@theotokus.dev,pwd123
User2575,user2575@theotokus.dev,pwd123
User2576,user2576@theotokus.dev,pwd123
User2577,user2577@theotokus.dev,pwd123
User2578,user2578@theotokus.dev,pwd123
User2579,user2579@theotokus.dev,pwd123
User2580,user2580@theotokus.dev,pwd123
User2581,user2581@theotokus.dev,pwd123
User2582,user2582@theotokus.dev,pwd123
User2583,user2583@theotokus.dev,pwd123
User2584,user2584@theotokus.dev,pwd123
User2585,user2585@theotokus.dev,pwd123
User2586,user2586@theotokus.dev,pwd123
User2587,user2587@theotokus.dev,pwd123
User2588,user2588@theotokus.dev,pwd123
User2589,user2589@theotokus.dev,pwd123
User2590,user2590@theotokus.dev,pwd123
User2591,user2591@theotokus.dev,pwd123
User2592,user2592@theotokus.dev,pwd123
User2593,user2593@theotokus.dev,pwd123
User2594,user2594@theotokus.dev,pwd123
User2595,user2595@theotokus.dev,pwd123
User2596,user2596@theotokus.dev,pwd123
User2597,user2597@theotokus.dev,pwd123
User2598,user2598@theotokus.dev,pwd123
User2599,user2599@theotokus.dev,pwd123
User2600,user2600@theotokus.dev,pwd123
User2601,user2601@theotokus.dev,pwd123
User2602,user2602@theotokus.dev,pwd123
User2603,user2603@theotokus.dev,pwd123
User2604,user2604@theotokus.dev,pwd123
User2605,user2605@theotokus.dev,pwd123
User2606,user2606@theotokus.dev,pwd123
User2607,user2607@theotokus.dev,pwd123
User2608,user2608@theotokus.dev,pwd123
User2609,user2609@theotokus.dev,pwd123
User2610,user2610@theotokus.dev,pwd123
User2611,user2611@theotokus.dev,pwd123
User2612,user2612@theotokus.dev,pwd123
User2613,user2613@theotokus.dev,pwd123
User2614,user2614@theotokus.dev,pwd123
User2615,user2615@theotokus.dev,pwd123
User2616,user2616@theotokus.dev,pwd123
User2617,user2617@theotokus.dev,pwd123
User2618,user2618@theotokus.dev,pwd123
User2619,user2619@theotokus.dev,pwd123
User2620,user2620@theotokus.dev,pwd123
User2621,user2621@theotokus.dev,pwd123
User2622,user2622@theotokus.dev,pwd123
User2623,user2623@theotokus.dev,pwd123
User2624,user2624@theotokus.dev,pwd123
User2625,user2625@theotokus.dev,pwd123
User2626,user2626@theotokus.dev,pwd123
User2627,user2627@theotokus.dev,pwd123
User2628,user2628@theotokus.dev,pwd123
User2629,user2629@theotokus.dev,pwd123
User2630,user2630@theotokus.dev,pwd123
User2631,user2631@theotokus.dev,pwd123
User2632,user2632@theotokus.dev,pwd123
User2633,user2633@theotokus.dev,pwd123
User2634,user2634@theotokus.dev,pwd123
User2635,user2635@theotokus.dev,pwd123
User2636,user2636@theotokus.dev,pwd123
User2637,user2637@theotokus.dev,pwd123
User2638,user2638@theotokus.dev,pwd123
User2639,user2639@theotokus.dev,pwd123
User2640,user2640@theotokus.dev,pwd123
User2641,user2641@theotokus.dev,pwd123
User2642,user2642@theotokus.dev,pwd123
User2643,user2643@theotokus.dev,pwd123
User2644,user2644@theotokus.dev,pwd123
User2645,user2645@theotokus.dev,pwd123
User2646,user2646@theotokus.dev,pwd123
User2647,user2647@theotokus.dev,pwd123
User2648,user2648@theotokus.dev,pwd123
User2649,user2649@theotokus.dev,pwd123
User2650,user2650@theotokus.dev,pwd123
User2651,user2651@theotokus.dev,pwd123
User2652,user2652@theotokus.dev,pwd123
User2653,user2653@theotokus.dev,pwd123
User2654,user2654@theotokus.dev,pwd123
User2655,user2655@theotokus.dev,pwd123
User2656,user2656@theotokus.dev,pwd123
User2657,user2657@theotokus.dev,pwd123
User2658,user2658@theotokus.dev,pwd123
User2659,user2659@theotokus.dev,pwd123
User2660,user2660@theotokus.dev,pwd123
User2661,user2661@theotokus.dev,pwd123
User2662,user2662@theotokus.dev,pwd123
User2663,user2663@theotokus.dev,pwd123
User2664,user2664@theotokus.dev,pwd123
User2665,user2665@theotokus.dev,pwd123
User2666,user2666@theotokus.dev,pwd123
User2667,user2667@theotokus.dev,pwd123
User2668,user2668@theotokus.dev,pwd123
User2669,user2669@theotokus.dev,pwd123
User2670,user2670@theotokus.dev,pwd123
User2671,user2671@theotokus.dev,pwd123
User2672,user2672@theotokus.dev,pwd123
User2673,user2673@theotokus.dev,pwd123
User2674,user2674@theotokus.dev,pwd123
User2675,user2675@theotokus.dev,pwd123
User2676,user2676@theotokus.dev,pwd123
User2677,user2677@theotokus.dev,pwd123
User2678,user2678@theotokus.dev,pwd123
User2679,user2679@theotokus.dev,pwd123
User2680,user2680@theotokus.dev,pwd123
User2681,user2681@theotokus.dev,pwd123
User2682,user2682@theotokus.dev,pwd123
User2683,user2683@theotokus.dev,pwd123
User2684,user2684@theotokus.dev,pwd123
User2685,user2685@theotokus.dev,pwd123
User2686,user2686@theotokus.dev,pwd123
User2687,user2687@theotokus.dev,pwd123
User2688,user2688@theotokus.dev,pwd123
User2689,user2689@theotokus.dev,pwd123
User2690,user2690@theotokus.dev,pwd123
User2691,user2691@theotokus.dev,pwd123
User2692,user2692@theotokus.dev,pwd123
User2693,user2693@theotokus.dev,pwd123
User2694,user2694@theotokus.dev,pwd123
User2695,user2695@theotokus.dev,pwd123
User2696,user2696@theotokus.dev,pwd123
User2697,user2697@theotokus.dev,pwd123
User2698,user2698@theotokus.dev,pwd123
User2699,user2699@theotokus.dev,pwd123
User2700,user2700@theotokus.dev,pwd123
User2701,user2701@theotokus.dev,pwd123
User2702,user2702@theotokus.dev,pwd123
User2703,user2703@theotokus.dev,pwd123
User2704,user2704@theotokus.dev,pwd123
User2705,user2705@theotokus.dev,pwd123
User2706,user2706@theotokus.dev,pwd123
User2707,user2707@theotokus.dev,pwd123
User2708,user2708@theotokus.dev,pwd123
User2709,user2709@theotokus.dev,pwd123
User2710,user2710@theotokus.dev,pwd123
User2711,user2711@theotokus.dev,pwd123
User2712,user2712@theotokus.dev,pwd123
User2713,user2713@theotokus.dev,pwd123
User2714,user2714@theotokus.dev,pwd123
User2715,user2715@theotokus.dev,pwd123
User2716,user2716@theotokus.dev,pwd123
User2717,user2717@theotokus.dev,pwd123
User2718,user2718@theotokus.dev,pwd123
User2719,user2719@theotokus.dev,pwd123
User2720,user2720@theotokus.dev,pwd123
User2721,user2721@theotokus.dev,pwd123
User2722,user2722@theotokus.dev,pwd123
User2723,user2723@theotokus.dev,pwd123
User2724,user2724@theotokus.dev,pwd123
User2725,user2725@theotokus.dev,pwd123
User2726,user2726@theotokus.dev,pwd123
User2727,user2727@theotokus.dev,pwd123
User2728,user2728@theotokus.dev,pwd123
User2729,user2729@theotokus.dev,pwd123
User2730,user2730@theotokus.dev,pwd123
User2731,user2731@theotokus.dev,pwd123
User2732,user2732@theotokus.dev,pwd123
User2733,user2733@theotokus.dev,pwd123
User2734,user2734@theotokus.dev,pwd123
User2735,user2735@theotokus.dev,pwd123
User2736,user2736@theotokus.dev,pwd123
User2737,user2737@theotokus.dev,pwd123
User2738,user2738@theotokus.dev,pwd123
User2739,user2739@theotokus.dev,pwd123
User2740,user2740@theotokus.dev,pwd123
User2741,user2741@theotokus.dev,pwd123
User2742,user2742@theotokus.dev,pwd123
User2743,user2743@theotokus.dev,pwd123
User2744,user2744@theotokus.dev,pwd123
User2745,user2745@theotokus.dev,pwd123
User2746,user2746@theotokus.dev,pwd123
User2747,user2747@theotokus.dev,pwd123
User2748,user2748@theotokus.dev,pwd123
User2749,user2749@theotokus.dev,pwd123
User2750,user2750@theotokus.dev,pwd123
User2751,user2751@theotokus.dev,pwd123
User2752,user2752@theotokus.dev,pwd123
User2753,user2753@theotokus.dev,pwd123
User2754,user2754@theotokus.dev,pwd123
User2755,user2755@theotokus.dev,pwd123
User2756,user2756@theotokus.dev,pwd123
User2757,user2757@theotokus.dev,pwd123
User2758,user2758@theotokus.dev,pwd123
User2759,user2759@theotokus.dev,pwd123
User2760,user2760@theotokus.dev,pwd123
User2761,user2761@theotokus.dev,pwd123
User2762,user2762@theotokus.dev,pwd123
User2763,user2763@theotokus.dev,pwd123
User2764,user2764@theotokus.dev,pwd123
User2765,user2765@theotokus.dev,pwd123
User2766,user2766@theotokus.dev,pwd123
User2767,user2767@theotokus.dev,pwd123
User2768,user2768@theotokus.dev,pwd123
User2769,user2769@theotokus.dev,pwd123
User2770,user2770@theotokus.dev,pwd123
User2771,user2771@theotokus.dev,pwd123
User2772,user2772@theotokus.dev,pwd123
User2773,user2773@theotokus.dev,pwd123
User2774,user2774@theotokus.dev,pwd123
User2775,user2775@theotokus.dev,pwd123
User2776,user2776@theotokus.dev,pwd123
User2777,user2777@theotokus.dev,pwd123
User2778,user2778@theotokus.dev,pwd123
User2779,user2779@theotokus.dev,pwd123
User2780,user2780@theotokus.dev,pwd123
User2781,user2781@theotokus.dev,pwd123
User2782,user2782@theotokus.dev,pwd123
User2783,user2783@theotokus.dev,pwd123
User2784,user2784@theotokus.dev,pwd123
User2785,user2785@theotokus.dev,pwd123
User2786,user2786@theotokus.dev,pwd123
User2787,user2787@theotokus.dev,pwd123
User2788,user2788@theotokus.dev,pwd123
User2789,user2789@theotokus.dev,pwd123
User2790,user2790@theotokus.dev,pwd123
User2791,user2791@theotokus.dev,pwd123
User2792,user2792@theotokus.dev,pwd123
User2793,user2793@theotokus.dev,pwd123
User2794,user2794@theotokus.dev,pwd123
User2795,user2795@theotokus.dev,pwd123
User2796,user2796@theotokus.dev,pwd123
User2797,user2797@theotokus.dev,pwd123
User2798,user2798@theotokus.dev,pwd123
User2799,user2799@theotokus.dev,pwd123
User2800,user2800@theotokus.dev,pwd123
User2801,user2801@theotokus.dev,pwd123
User2802,user2802@theotokus.dev,pwd123
User2803,user2803@theotokus.dev,pwd123
User2804,user2804@theotokus.dev,pwd123
User2805,user2805@theotokus.dev,pwd123
User2806,user2806@theotokus.dev,pwd123
User2807,user2807@theotokus.dev,pwd123
User2808,user2808@theotokus.dev,pwd123
User2809,user2809@theotokus.dev,pwd123
User2810,user2810@theotokus.dev,pwd123
User2811,user2811@theotokus.dev,pwd123
User2812,user2812@theotokus.dev,pwd123
User2813,user2813@theotokus.dev,pwd123
User2814,user2814@theotokus.dev,pwd123
User2815,user2815@theotokus.dev,pwd123
User2816,user2816@theotokus.dev,pwd123
User2817,user2817@theotokus.dev,pwd123
User2818,user2818@theotokus.dev,pwd123
User2819,user2819@theotokus.dev,pwd123
User2820,user2820@theotokus.dev,pwd123
User2821,user2821@theotokus.dev,pwd123
User2822,user2822@theotokus.dev,pwd123
User2823,user2823@theotokus.dev,pwd123
User2824,user2824@theotokus.dev,pwd123
User2825,user2825@theotokus.dev,pwd123
User2826,user2826@theotokus.dev,pwd123
User2827,user2827@theotokus.dev,pwd123
User2828,user2828@theotokus.dev,pwd123
User2829,user2829@theotokus.dev,pwd123
User2830,user2830@theotokus.dev,pwd123
User2831,user2831@theotokus.dev,pwd123
User2832,user2832@theotokus.dev,pwd123
User2833,user2833@theotokus.dev,pwd123
User2834,user2834@theotokus.dev,pwd123
User2835,user2835@theotokus.dev,pwd123
User2836,user2836@theotokus.dev,pwd123
User2837,user2837@theotokus.dev,pwd123
User2838,user2838@theotokus.dev,pwd123
User2839,user2839@theotokus.dev,pwd123
User2840,user2840@theotokus.dev,pwd123
User2841,user2841@theotokus.dev,pwd123
User2842,user2842@theotokus.dev,pwd123
User2843,user2843@theotokus.dev,pwd123
User2844,user2844@theotokus.dev,pwd123
User2845,user2845@theotokus.dev,pwd123
User2846,user2846@theotokus.dev,pwd123
User2847,user2847@theotokus.dev,pwd123
User2848,user2848@theotokus.dev,pwd123
User2849,user2849@theotokus.dev,pwd123
User2850,user2850@theotokus.dev,pwd123
User2851,user2851@theotokus.dev,pwd123
User2852,user2852@theotokus.dev,pwd123
User2853,user2853@theotokus.dev,pwd123
User2854,user2854@theotokus.dev,pwd123
User2855,user2855@theotokus.dev,pwd123
User2856,user2856@theotokus.dev,pwd123
User2857,user2857@theotokus.dev,pwd123
User2858,user2858@theotokus.dev,pwd123
User2859,user2859@theotokus.dev,pwd123
User2860,user2860@theotokus.dev,pwd123
User2861,user2861@theotokus.dev,pwd123
User2862,user2862@theotokus.dev,pwd123
User2863,user2863@theotokus.dev,pwd123
User2864,user2864@theotokus.dev,pwd123
User2865,user2865@theotokus.dev,pwd123
User2866,user2866@theotokus.dev,pwd123
User2867,user2867@theotokus.dev,pwd123
User2868,user2868@theotokus.dev,pwd123
User2869,user2869@theotokus.dev,pwd123
User2870,user2870@theotokus.dev,pwd123
User2871,user2871@theotokus.dev,pwd123
User2872,user2872@theotokus.dev,pwd123
User2873,user2873@theotokus.dev,pwd123
User2874,user2874@theotokus.dev,pwd123
User2875,user2875@theotokus.dev,pwd123
User2876,user2876@theotokus.dev,pwd123
User2877,user2877@theotokus.dev,pwd123
User2878,user2878@theotokus.dev,pwd123
User2879,user2879@theotokus.dev,pwd123
User2880,user2880@theotokus.dev,pwd123
User2881,user2881@theotokus.dev,pwd123
User2882,user2882@theotokus.dev,pwd123
User2883,user2883@theotokus.dev,pwd123
User2884,user2884@theotokus.dev,pwd123
User2885,user2885@theotokus.dev,pwd123
User2886,user2886@theotokus.dev,pwd123
User2887,user2887@theotokus.dev,pwd123
User2888,user2888@theotokus.dev,pwd123
User2889,user2889@theotokus.dev,pwd123
User2890,user2890@theotokus.dev,pwd123
User2891,user2891@theotokus.dev,pwd123
User2892,user2892@theotokus.dev,pwd123
User2893,user2893@theotokus.dev,pwd123
User2894,user2894@theotokus.dev,pwd123
User2895,user2895@theotokus.dev,pwd123
User2896,user2896@theotokus.dev,pwd123
User2897,user2897@theotokus.dev,pwd123
User2898,user2898@theotokus.dev,pwd123
User2899,user2899@theotokus.dev,pwd123
User2900,user2900@theotokus.dev,pwd123
User2901,user2901@theotokus.dev,pwd123
User2902,user2902@theotokus.dev,pwd123
User2903,user2903@theotokus.dev,pwd123
User2904,user2904@theotokus.dev,pwd123
User2905,user2905@theotokus.dev,pwd123
User2906,user2906@theotokus.dev,pwd123
User2907,user2907@theotokus.dev,pwd123
User2908,user2908@theotokus.dev,pwd123
User2909,user2909@theotokus.dev,pwd123
User2910,user2910@theotokus.dev,pwd123
User2911,user2911@theotokus.dev,pwd123
User2912,user2912@theotokus.dev,pwd123
User2913,user2913@theotokus.dev,pwd123
User2914,user2914@theotokus.dev,pwd123
User2915,user2915@theotokus.dev,pwd123
User2916,user2916@theotokus.dev,pwd123
User2917,user2917@theotokus.dev,pwd123
User2918,user2918@theotokus.dev,pwd123
User2919,user2919@theotokus.dev,pwd123
User2920,user2920@theotokus.dev,pwd123
User2921,user2921@theotokus.dev,pwd123
User2922,user2922@theotokus.dev,pwd123
User2923,user2923@theotokus.dev,pwd123
User2924,user2924@theotokus.dev,pwd123
User2925,user2925@theotokus.dev,pwd123
User2926,user2926@theotokus.dev,pwd123
User2927,user2927@theotokus.dev,pwd123
User2928,user2928@theotokus.dev,pwd123
User2929,user2929@theotokus.dev,pwd123
User2930,user2930@theotokus.dev,pwd123
User2931,user2931@theotokus.dev,pwd123
User2932,user2932@theotokus.dev,pwd123
User2933,user2933@theotokus.dev,pwd123
User2934,user2934@theotokus.dev,pwd123
User2935,user2935@theotokus.dev,pwd123
User2936,user2936@theotokus.dev,pwd123
User2937,user2937@theotokus.dev,pwd123
User2938,user2938@theotokus.dev,pwd123
User2939,user2939@theotokus.dev,pwd123
User2940,user2940@theotokus.dev,pwd123
User2941,user2941@theotokus.dev,pwd123
User2942,user2942@theotokus.dev,pwd123
User2943,user2943@theotokus.dev,pwd123
User2944,user2944@theotokus.dev,pwd123
User2945,user2945@theotokus.dev,pwd123
User2946,user2946@theotokus.dev,pwd123
User2947,user2947@theotokus.dev,pwd123
User2948,user2948@theotokus.dev,pwd123
User2949,user2949@theotokus.dev,pwd123
User2950,user2950@theotokus.dev,pwd123
User2951,user2951@theotokus.dev,pwd123
User2952,user2952@theotokus.dev,pwd123
User2953,user2953@theotokus.dev,pwd123
User2954,user2954@theotokus.dev,pwd123
User2955,user2955@theotokus.dev,pwd123
User2956,user2956@theotokus.dev,pwd123
User2957,user2957@theotokus.dev,pwd123
User2958,user2958@theotokus.dev,pwd123
User2959,user2959@theotokus.dev,pwd123
User2960,user2960@theotokus.dev,pwd123
User2961,user2961@theotokus.dev,pwd123
User2962,user2962@theotokus.dev,pwd123
User2963,user2963@theotokus.dev,pwd123
User2964,user2964@theotokus.dev,pwd123
User2965,user2965@theotokus.dev,pwd123
User2966,user2966@theotokus.dev,pwd123
User2967,user2967@theotokus.dev,pwd123
User2968,user2968@theotokus.dev,pwd123
User2969,user2969@theotokus.dev,pwd123
User2970,user2970@theotokus.dev,pwd123
User2971,user2971@theotokus.dev,pwd123
User2972,user2972@theotokus.dev,pwd123
User2973,user2973@theotokus.dev,pwd123
User2974,user2974@theotokus.dev,pwd123
User2975,user2975@theotokus.dev,pwd123
User2976,user2976@theotokus.dev,pwd123
User2977,user2977@theotokus.dev,pwd123
User2978,user2978@theotokus.dev,pwd123
User2979,user2979@theotokus.dev,pwd123
User2980,user2980@theotokus.dev,pwd123
User2981,user2981@theotokus.dev,pwd123
User2982,user2982@theotokus.dev,pwd123
User2983,user2983@theotokus.dev,pwd123
User2984,user2984@theotokus.dev,pwd123
User2985,user2985@theotokus.dev,pwd123
User2986,user2986@theotokus.dev,pwd123
User2987,user2987@theotokus.dev,pwd123
User2988,user2988@theotokus.dev,pwd123
User2989,user2989@theotokus.dev,pwd123
User2990,user2990@theotokus.dev,pwd123
User2991,user2991@theotokus.dev,pwd123
User2992,user2992@theotokus.dev,pwd123
User2993,user2993@theotokus.dev,pwd123
User2994,user2994@theotokus.dev,pwd123
User2995,user2995@theotokus.dev,pwd123
User2996,user2996@theotokus.dev,pwd123
User2997,user2997@theotokus.dev,pwd123
User2998,user2998@theotokus.dev,pwd123
User2999,user2999@theotokus.dev,pwd123
User3000,user3000@theotokus.dev,pwd123
User3001,user3001@theotokus.dev,pwd123
User3002,user3002@theotokus.dev,pwd123
User3003,user3003@theotokus.dev,pwd123
User3004,user3004@theotokus.dev,pwd123
User3005,user3005@theotokus.dev,pwd123
User3006,user3006@theotokus.dev,pwd123
User3007,user3007@theotokus.dev,pwd123
User3008,user3008@theotokus.dev,pwd123
User3009,user3009@theotokus.dev,pwd123
User3010,user3010@theotokus.dev,pwd123
User3011,user3011@theotokus.dev,pwd123
User3012,user3012@theotokus.dev,pwd123
User3013,user3013@theotokus.dev,pwd123
User3014,user3014@theotokus.dev,pwd123
User3015,user3015@theotokus.dev,pwd123
User3016,user3016@theotokus.dev,pwd123
User3017,user3017@theotokus.dev,pwd123
User3018,user3018@theotokus.dev,pwd123
User3019,user3019@theotokus.dev,pwd123
User3020,user3020@theotokus.dev,pwd123
User3021,user3021@theotokus.dev,pwd123
User3022,user3022@theotokus.dev,pwd123
User3023,user3023@theotokus.dev,pwd123
User3024,user3024@theotokus.dev,pwd123
User3025,user3025@theotokus.dev,pwd123
User3026,user3026@theotokus.dev,pwd123
User3027,user3027@theotokus.dev,pwd123
User3028,user3028@theotokus.dev,pwd123
User3029,user3029@theotokus.dev,pwd123
User3030,user3030@theotokus.dev,pwd123
User3031,user3031@theotokus.dev,pwd123
User3032,user3032@theotokus.dev,pwd123
User3033,user3033@theotokus.dev,pwd123
User3034,user3034@theotokus.dev,pwd123
User3035,user3035@theotokus.dev,pwd123
User3036,user3036@theotokus.dev,pwd123
User3037,user3037@theotokus.dev,pwd123
User3038,user3038@theotokus.dev,pwd123
User3039,user3039@theotokus.dev,pwd123
User3040,user3040@theotokus.dev,pwd123
User3041,user3041@theotokus.dev,pwd123
User3042,user3042@theotokus.dev,pwd123
User3043,user3043@theotokus.dev,pwd123
User3044,user3044@theotokus.dev,pwd123
User3045,user3045@theotokus.dev,pwd123
User3046,user3046@theotokus.dev,pwd123
User3047,user3047@theotokus.dev,pwd123
User3048,user3048@theotokus.dev,pwd123
User3049,user3049@theotokus.dev,pwd123
User3050,user3050@theotokus.dev,pwd123
User3051,user3051@theotokus.dev,pwd123
User3052,user3052@theotokus.dev,pwd123
User3053,user3053@theotokus.dev,pwd123
User3054,user3054@theotokus.dev,pwd123
User3055,user3055@theotokus.dev,pwd123
User3056,user3056@theotokus.dev,pwd123
User3057,user3057@theotokus.dev,pwd123
User3058,user3058@theotokus.dev,pwd123
User3059,user3059@theotokus.dev,pwd123
User3060,user3060@theotokus.dev,pwd123
User3061,user3061@theotokus.dev,pwd123
User3062,user3062@theotokus.dev,pwd123
User3063,user3063@theotokus.dev,pwd123
User3064,user3064@theotokus.dev,pwd123
User3065,user3065@theotokus.dev,pwd123
User3066,user3066@theotokus.dev,pwd123
User3067,user3067@theotokus.dev,pwd123
User3068,user3068@theotokus.dev,pwd123
User3069,user3069@theotokus.dev,pwd123
User3070,user3070@theotokus.dev,pwd123
User3071,user3071@theotokus.dev,pwd123
User3072,user3072@theotokus.dev,pwd123
User3073,user3073@theotokus.dev,pwd123
User3074,user3074@theotokus.dev,pwd123
User3075,user3075@theotokus.dev,pwd123
User3076,user3076@theotokus.dev,pwd123
User3077,user3077@theotokus.dev,pwd123
User3078,user3078@theotokus.dev,pwd123
User3079,user3079@theotokus.dev,pwd123
User3080,user3080@theotokus.dev,pwd123
User3081,user3081@theotokus.dev,pwd123
User3082,user3082@theotokus.dev,pwd123
User3083,user3083@theotokus.dev,pwd123
User3084,user3084@theotokus.dev,pwd123
User3085,user3085@theotokus.dev,pwd123
User3086,user3086@theotokus.dev,pwd123
User3087,user3087@theotokus.dev,pwd123
User3088,user3088@theotokus.dev,pwd123
User3089,user3089@theotokus.dev,pwd123
User3090,user3090@theotokus.dev,pwd123
User3091,user3091@theotokus.dev,pwd123
User3092,user3092@theotokus.dev,pwd123
User3093,user3093@theotokus.dev,pwd123
User3094,user3094@theotokus.dev,pwd123
User3095,user3095@theotokus.dev,pwd123
User3096,user3096@theotokus.dev,pwd123
User3097,user3097@theotokus.dev,pwd123
User3098,user3098@theotokus.dev,pwd123
User3099,user3099@theotokus.dev,pwd123
User3100,user3100@theotokus.dev,pwd123
User3101,user3101@theotokus.dev,pwd123
User3102,user3102@theotokus.dev,pwd123
User3103,user3103@theotokus.dev,pwd123
User3104,user3104@theotokus.dev,pwd123
User3105,user3105@theotokus.dev,pwd123
User3106,user3106@theotokus.dev,pwd123
User3107,user3107@theotokus.dev,pwd123
User3108,user3108@theotokus.dev,pwd123
User3109,user3109@theotokus.dev,pwd123
User3110,user3110@theotokus.dev,pwd123
User3111,user3111@theotokus.dev,pwd123
User3112,user3112@theotokus.dev,pwd123
User3113,user3113@theotokus.dev,pwd123
User3114,user3114@theotokus.dev,pwd123
User3115,user3115@theotokus.dev,pwd123
User3116,user3116@theotokus.dev,pwd123
User3117,user3117@theotokus.dev,pwd123
User3118,user3118@theotokus.dev,pwd123
User3119,user3119@theotokus.dev,pwd123
User3120,user3120@theotokus.dev,pwd123
User3121,user3121@theotokus.dev,pwd123
User3122,user3122@theotokus.dev,pwd123
User3123,user3123@theotokus.dev,pwd123
User3124,user3124@theotokus.dev,pwd123
User3125,user3125@theotokus.dev,pwd123
User3126,user3126@theotokus.dev,pwd123
User3127,user3127@theotokus.dev,pwd123
User3128,user3128@theotokus.dev,pwd123
User3129,user3129@theotokus.dev,pwd123
User3130,user3130@theotokus.dev,pwd123
User3131,user3131@theotokus.dev,pwd123
User3132,user3132@theotokus.dev,pwd123
User3133,user3133@theotokus.dev,pwd123
User3134,user3134@theotokus.dev,pwd123
User3135,user3135@theotokus.dev,pwd123
User3136,user3136@theotokus.dev,pwd123
User3137,user3137@theotokus.dev,pwd123
User3138,user3138@theotokus.dev,pwd123
User3139,user3139@theotokus.dev,pwd123
User3140,user3140@theotokus.dev,pwd123
User3141,user3141@theotokus.dev,pwd123
User3142,user3142@theotokus.dev,pwd123
User3143,user3143@theotokus.dev,pwd123
User3144,user3144@theotokus.dev,pwd123
User3145,user3145@theotokus.dev,pwd123
User3146,user3146@theotokus.dev,pwd123
User3147,user3147@theotokus.dev,pwd123
User3148,user3148@theotokus.dev,pwd123
User3149,user3149@theotokus.dev,pwd123
User3150,user3150@theotokus.dev,pwd123
User3151,user3151@theotokus.dev,pwd123
User3152,user3152@theotokus.dev,pwd123
User3153,user3153@theotokus.dev,pwd123
User3154,user3154@theotokus.dev,pwd123
User3155,user3155@theotokus.dev,pwd123
User3156,user3156@theotokus.dev,pwd123
User3157,user3157@theotokus.dev,pwd123
User3158,user3158@theotokus.dev,pwd123
User3159,user3159@theotokus.dev,pwd123
User3160,user3160@theotokus.dev,pwd123
User3161,user3161@theotokus.dev,pwd123
User3162,user3162@theotokus.dev,pwd123
User3163,user3163@theotokus.dev,pwd123
User3164,user3164@theotokus.dev,pwd123
User3165,user3165@theotokus.dev,pwd123
User3166,user3166@theotokus.dev,pwd123
User3167,user3167@theotokus.dev,pwd123
User3168,user3168@theotokus.dev,pwd123
User3169,user3169@theotokus.dev,pwd123
User3170,user3170@theotokus.dev,pwd123
User3171,user3171@theotokus.dev,pwd123
User3172,user3172@theotokus.dev,pwd123
User3173,user3173@theotokus.dev,pwd123
User3174,user3174@theotokus.dev,pwd123
User3175,user3175@theotokus.dev,pwd123
User3176,user3176@theotokus.dev,pwd123
User3177,user3177@theotokus.dev,pwd123
User3178,user3178@theotokus.dev,pwd123
User3179,user3179@theotokus.dev,pwd123
User3180,user3180@theotokus.dev,pwd123
User3181,user3181@theotokus.dev,pwd123
User3182,user3182@theotokus.dev,pwd123
User3183,user3183@theotokus.dev,pwd123
User3184,user3184@theotokus.dev,pwd123
User3185,user3185@theotokus.dev,pwd123
User3186,user3186@theotokus.dev,pwd123
User3187,user3187@theotokus.dev,pwd123
User3188,user3188@theotokus.dev,pwd123
User3189,user3189@theotokus.dev,pwd123
User3190,user3190@theotokus.dev,pwd123
User3191,user3191@theotokus.dev,pwd123
User3192,user3192@theotokus.dev,pwd123
User3193,user3193@theotokus.dev,pwd123
User3194,user3194@theotokus.dev,pwd123
User3195,user3195@theotokus.dev,pwd123
User3196,user3196@theotokus.dev,pwd123
User3197,user3197@theotokus.dev,pwd123
User3198,user3198@theotokus.dev,pwd123
User3199,user3199@theotokus.dev,pwd123
User3200,user3200@theotokus.dev,pwd123
User3201,user3201@theotokus.dev,pwd123
User3202,user3202@theotokus.dev,pwd123
User3203,user3203@theotokus.dev,pwd123
User3204,user3204@theotokus.dev,pwd123
User3205,user3205@theotokus.dev,pwd123
User3206,user3206@theotokus.dev,pwd123
User3207,user3207@theotokus.dev,pwd123
User3208,user3208@theotokus.dev,pwd123
User3209,user3209@theotokus.dev,pwd123
User3210,user3210@theotokus.dev,pwd123
User3211,user3211@theotokus.dev,pwd123
User3212,user3212@theotokus.dev,pwd123
User3213,user3213@theotokus.dev,pwd123
User3214,user3214@theotokus.dev,pwd123
User3215,user3215@theotokus.dev,pwd123
User3216,user3216@theotokus.dev,pwd123
User3217,user3217@theotokus.dev,pwd123
User3218,user3218@theotokus.dev,pwd123
User3219,user3219@theotokus.dev,pwd123
User3220,user3220@theotokus.dev,pwd123
User3221,user3221@theotokus.dev,pwd123
User3222,user3222@theotokus.dev,pwd123
User3223,user3223@theotokus.dev,pwd123
User3224,user3224@theotokus.dev,pwd123
User3225,user3225@theotokus.dev,pwd123
User3226,user3226@theotokus.dev,pwd123
User3227,user3227@theotokus.dev,pwd123
User3228,user3228@theotokus.dev,pwd123
User3229,user3229@theotokus.dev,pwd123
User3230,user3230@theotokus.dev,pwd123
User3231,user3231@theotokus.dev,pwd123
User3232,user3232@theotokus.dev,pwd123
User3233,user3233@theotokus.dev,pwd123
User3234,user3234@theotokus.dev,pwd123
User3235,user3235@theotokus.dev,pwd123
User3236,user3236@theotokus.dev,pwd123
User3237,user3237@theotokus.dev,pwd123
User3238,user3238@theotokus.dev,pwd123
User3239,user3239@theotokus.dev,pwd123
User3240,user3240@theotokus.dev,pwd123
User3241,user3241@theotokus.dev,pwd123
User3242,user3242@theotokus.dev,pwd123
User3243,user3243@theotokus.dev,pwd123
User3244,user3244@theotokus.dev,pwd123
User3245,user3245@theotokus.dev,pwd123
User3246,user3246@theotokus.dev,pwd123
User3247,user3247@theotokus.dev,pwd123
User3248,user3248@theotokus.dev,pwd123
User3249,user3249@theotokus.dev,pwd123
User3250,user3250@theotokus.dev,pwd123
User3251,user3251@theotokus.dev,pwd123
User3252,user3252@theotokus.dev,pwd123
User3253,user3253@theotokus.dev,pwd123
User3254,user3254@theotokus.dev,pwd123
User3255,user3255@theotokus.dev,pwd123
User3256,user3256@theotokus.dev,pwd123
User3257,user3257@theotokus.dev,pwd123
User3258,user3258@theotokus.dev,pwd123
User3259,user3259@theotokus.dev,pwd123
User3260,user3260@theotokus.dev,pwd123
User3261,user3261@theotokus.dev,pwd123
User3262,user3262@theotokus.dev,pwd123
User3263,user3263@theotokus.dev,pwd123
User3264,user3264@theotokus.dev,pwd123
User3265,user3265@theotokus.dev,pwd123
User3266,user3266@theotokus.dev,pwd123
User3267,user3267@theotokus.dev,pwd123
User3268,user3268@theotokus.dev,pwd123
User3269,user3269@theotokus.dev,pwd123
User3270,user3270@theotokus.dev,pwd123
User3271,user3271@theotokus.dev,pwd123
User3272,user3272@theotokus.dev,pwd123
User3273,user3273@theotokus.dev,pwd123
User3274,user3274@theotokus.dev,pwd123
User3275,user3275@theotokus.dev,pwd123
User3276,user3276@theotokus.dev,pwd123
User3277,user3277@theotokus.dev,pwd123
User3278,user3278@theotokus.dev,pwd123
User3279,user3279@theotokus.dev,pwd123
User3280,user3280@theotokus.dev,pwd123
User3281,user3281@theotokus.dev,pwd123
User3282,user3282@theotokus.dev,pwd123
User3283,user3283@theotokus.dev,pwd123
User3284,user3284@theotokus.dev,pwd123
User3285,user3285@theotokus.dev,pwd123
User3286,user3286@theotokus.dev,pwd123
User3287,user3287@theotokus.dev,pwd123
User3288,user3288@theotokus.dev,pwd123
User3289,user3289@theotokus.dev,pwd123
User3290,user3290@theotokus.dev,pwd123
User3291,user3291@theotokus.dev,pwd123
User3292,user3292@theotokus.dev,pwd123
User3293,user3293@theotokus.dev,pwd123
User3294,user3294@theotokus.dev,pwd123
User3295,user3295@theotokus.dev,pwd123
User3296,user3296@theotokus.dev,pwd123
User3297,user3297@theotokus.dev,pwd123
User3298,user3298@theotokus.dev,pwd123
User3299,user3299@theotokus.dev,pwd123
User3300,user3300@theotokus.dev,pwd123
User3301,user3301@theotokus.dev,pwd123
User3302,user3302@theotokus.dev,pwd123
User3303,user3303@theotokus.dev,pwd123
User3304,user3304@theotokus.dev,pwd123
User3305,user3305@theotokus.dev,pwd123
User3306,user3306@theotokus.dev,pwd123
User3307,user3307@theotokus.dev,pwd123
User3308,user3308@theotokus.dev,pwd123
User3309,user3309@theotokus.dev,pwd123
User3310,user3310@theotokus.dev,pwd123
User3311,user3311@theotokus.dev,pwd123
User3312,user3312@theotokus.dev,pwd123
User3313,user3313@theotokus.dev,pwd123
User3314,user3314@theotokus.dev,pwd123
User3315,user3315@theotokus.dev,pwd123
User3316,user3316@theotokus.dev,pwd123
User3317,user3317@theotokus.dev,pwd123
User3318,user3318@theotokus.dev,pwd123
User3319,user3319@theotokus.dev,pwd123
User3320,user3320@theotokus.dev,pwd123
User3321,user3321@theotokus.dev,pwd123
User3322,user3322@theotokus.dev,pwd123
User3323,user3323@theotokus.dev,pwd123
User3324,user3324@theotokus.dev,pwd123
User3325,user3325@theotokus.dev,pwd123
User3326,user3326@theotokus.dev,pwd123
User3327,user3327@theotokus.dev,pwd123
User3328,user3328@theotokus.dev,pwd123
User3329,user3329@theotokus.dev,pwd123
User3330,user3330@theotokus.dev,pwd123
User3331,user3331@theotokus.dev,pwd123
User3332,user3332@theotokus.dev,pwd123
User3333,user3333@theotokus.dev,pwd123
User3334,user3334@theotokus.dev,pwd123
User3335,user3335@theotokus.dev,pwd123
User3336,user3336@theotokus.dev,pwd123
User3337,user3337@theotokus.dev,pwd123
User3338,user3338@theotokus.dev,pwd123
User3339,user3339@theotokus.dev,pwd123
User3340,user3340@theotokus.dev,pwd123
User3341,user3341@theotokus.dev,pwd123
User3342,user3342@theotokus.dev,pwd123
User3343,user3343@theotokus.dev,pwd123
User3344,user3344@theotokus.dev,pwd123
User3345,user3345@theotokus.dev,pwd123
User3346,user3346@theotokus.dev,pwd123
User3347,user3347@theotokus.dev,pwd123
User3348,user3348@theotokus.dev,pwd123
User3349,user3349@theotokus.dev,pwd123
User3350,user3350@theotokus.dev,pwd123
User3351,user3351@theotokus.dev,pwd123
User3352,user3352@theotokus.dev,pwd123
User3353,user3353@theotokus.dev,pwd123
User3354,user3354@theotokus.dev,pwd123
User3355,user3355@theotokus.dev,pwd123
User3356,user3356@theotokus.dev,pwd123
User3357,user3357@theotokus.dev,pwd123
User3358,user3358@theotokus.dev,pwd123
User3359,user3359@theotokus.dev,pwd123
User3360,user3360@theotokus.dev,pwd123
User3361,user3361@theotokus.dev,pwd123
User3362,user3362@theotokus.dev,pwd123
User3363,user3363@theotokus.dev,pwd123
User3364,user3364@theotokus.dev,pwd123
User3365,user3365@theotokus.dev,pwd123
User3366,user3366@theotokus.dev,pwd123
User3367,user3367@theotokus.dev,pwd123
User3368,user3368@theotokus.dev,pwd123
User3369,user3369@theotokus.dev,pwd123
User3370,user3370@theotokus.dev,pwd123
User3371,user3371@theotokus.dev,pwd123
User3372,user3372@theotokus.dev,pwd123
User3373,user3373@theotokus.dev,pwd123
User3374,user3374@theotokus.dev,pwd123
User3375,user3375@theotokus.dev,pwd123
User3376,user3376@theotokus.dev,pwd123
User3377,user3377@theotokus.dev,pwd123
User3378,user3378@theotokus.dev,pwd123
User3379,user3379@theotokus.dev,pwd123
User3380,user3380@theotokus.dev,pwd123
User3381,user3381@theotokus.dev,pwd123
User3382,user3382@theotokus.dev,pwd123
User3383,user3383@theotokus.dev,pwd123
User3384,user3384@theotokus.dev,pwd123
User3385,user3385@theotokus.dev,pwd123
User3386,user3386@theotokus.dev,pwd123
User3387,user3387@theotokus.dev,pwd123
User3388,user3388@theotokus.dev,pwd123
User3389,user3389@theotokus.dev,pwd123
User3390,user3390@theotokus.dev,pwd123
User3391,user3391@theotokus.dev,pwd123
User3392,user3392@theotokus.dev,pwd123
User3393,user3393@theotokus.dev,pwd123
User3394,user3394@theotokus.dev,pwd123
User3395,user3395@theotokus.dev,pwd123
User3396,user3396@theotokus.dev,pwd123
User3397,user3397@theotokus.dev,pwd123
User3398,user3398@theotokus.dev,pwd123
User3399,user3399@theotokus.dev,pwd123
User3400,user3400@theotokus.dev,pwd123
User3401,user3401@theotokus.dev,pwd123
User3402,user3402@theotokus.dev,pwd123
User3403,user3403@theotokus.dev,pwd123
User3404,user3404@theotokus.dev,pwd123
User3405,user3405@theotokus.dev,pwd123
User3406,user3406@theotokus.dev,pwd123
User3407,user3407@theotokus.dev,pwd123
User3408,user3408@theotokus.dev,pwd123
User3409,user3409@theotokus.dev,pwd123
User3410,user3410@theotokus.dev,pwd123
User3411,user3411@theotokus.dev,pwd123
User3412,user3412@theotokus.dev,pwd123
User3413,user3413@theotokus.dev,pwd123
User3414,user3414@theotokus.dev,pwd123
User3415,user3415@theotokus.dev,pwd123
User3416,user3416@theotokus.dev,pwd123
User3417,user3417@theotokus.dev,pwd123
User3418,user3418@theotokus.dev,pwd123
User3419,user3419@theotokus.dev,pwd123
User3420,user3420@theotokus.dev,pwd123
User3421,user3421@theotokus.dev,pwd123
User3422,user3422@theotokus.dev,pwd123
User3423,user3423@theotokus.dev,pwd123
User3424,user3424@theotokus.dev,pwd123
User3425,user3425@theotokus.dev,pwd123
User3426,user3426@theotokus.dev,pwd123
User3427,user3427@theotokus.dev,pwd123
User3428,user3428@theotokus.dev,pwd123
User3429,user3429@theotokus.dev,pwd123
User3430,user3430@theotokus.dev,pwd123
User3431,user3431@theotokus.dev,pwd123
User3432,user3432@theotokus.dev,pwd123
User3433,user3433@theotokus.dev,pwd123
User3434,user3434@theotokus.dev,pwd123
User3435,user3435@theotokus.dev,pwd123
User3436,user3436@theotokus.dev,pwd123
User3437,user3437@theotokus.dev,pwd123
User3438,user3438@theotokus.dev,pwd123
User3439,user3439@theotokus.dev,pwd123
User3440,user3440@theotokus.dev,pwd123
User3441,user3441@theotokus.dev,pwd123
User3442,user3442@theotokus.dev,pwd123
User3443,user3443@theotokus.dev,pwd123
User3444,user3444@theotokus.dev,pwd123
User3445,user3445@theotokus.dev,pwd123
User3446,user3446@theotokus.dev,pwd123
User3447,user3447@theotokus.dev,pwd123
User3448,user3448@theotokus.dev,pwd123
User3449,user3449@theotokus.dev,pwd123
User3450,user3450@theotokus.dev,pwd123
User3451,user3451@theotokus.dev,pwd123
User3452,user3452@theotokus.dev,pwd123
User3453,user3453@theotokus.dev,pwd123
User3454,user3454@theotokus.dev,pwd123
User3455,user3455@theotokus.dev,pwd123
User3456,user3456@theotokus.dev,pwd123
User3457,user3457@theotokus.dev,pwd123
User3458,user3458@theotokus.dev,pwd123
User3459,user3459@theotokus.dev,pwd123
User3460,user3460@theotokus.dev,pwd123
User3461,user3461@theotokus.dev,pwd123
User3462,user3462@theotokus.dev,pwd123
User3463,user3463@theotokus.dev,pwd123
User3464,user3464@theotokus.dev,pwd123
User3465,user3465@theotokus.dev,pwd123
User3466,user3466@theotokus.dev,pwd123
User3467,user3467@theotokus.dev,pwd123
User3468,user3468@theotokus.dev,pwd123
User3469,user3469@theotokus.dev,pwd123
User3470,user3470@theotokus.dev,pwd123
User3471,user3471@theotokus.dev,pwd123
User3472,user3472@theotokus.dev,pwd123
User3473,user3473@theotokus.dev,pwd123
User3474,user3474@theotokus.dev,pwd123
User3475,user3475@theotokus.dev,pwd123
User3476,user3476@theotokus.dev,pwd123
User3477,user3477@theotokus.dev,pwd123
User3478,user3478@theotokus.dev,pwd123
User3479,user3479@theotokus.dev,pwd123
User3480,user3480@theotokus.dev,pwd123
User3481,user3481@theotokus.dev,pwd123
User3482,user3482@theotokus.dev,pwd123
User3483,user3483@theotokus.dev,pwd123
User3484,user3484@theotokus.dev,pwd123
User3485,user3485@theotokus.dev,pwd123
User3486,user3486@theotokus.dev,pwd123
User3487,user3487@theotokus.dev,pwd123
User3488,user3488@theotokus.dev,pwd123
User3489,user3489@theotokus.dev,pwd123
User3490,user3490@theotokus.dev,pwd123
User3491,user3491@theotokus.dev,pwd123
User3492,user3492@theotokus.dev,pwd123
User3493,user3493@theotokus.dev,pwd123
User3494,user3494@theotokus.dev,pwd123
User3495,user3495@theotokus.dev,pwd123
User3496,user3496@theotokus.dev,pwd123
User3497,user3497@theotokus.dev,pwd123
User3498,user3498@theotokus.dev,pwd123
User3499,user3499@theotokus.dev,pwd123
User3500,user3500@theotokus.dev,pwd123
User3501,user3501@theotokus.dev,pwd123
User3502,user3502@theotokus.dev,pwd123
User3503,user3503@theotokus.dev,pwd123
User3504,user3504@theotokus.dev,pwd123
User3505,user3505@theotokus.dev,pwd123
User3506,user3506@theotokus.dev,pwd123
User3507,user3507@theotokus.dev,pwd123
User3508,user3508@theotokus.dev,pwd123
User3509,user3509@theotokus.dev,pwd123
User3510,user3510@theotokus.dev,pwd123
User3511,user3511@theotokus.dev,pwd123
User3512,user3512@theotokus.dev,pwd123
User3513,user3513@theotokus.dev,pwd123
User3514,user3514@theotokus.dev,pwd123
User3515,user3515@theotokus.dev,pwd123
User3516,user3516@theotokus.dev,pwd123
User3517,user3517@theotokus.dev,pwd123
User3518,user3518@theotokus.dev,pwd123
User3519,user3519@theotokus.dev,pwd123
User3520,user3520@theotokus.dev,pwd123
User3521,user3521@theotokus.dev,pwd123
User3522,user3522@theotokus.dev,pwd123
User3523,user3523@theotokus.dev,pwd123
User3524,user3524@theotokus.dev,pwd123
User3525,user3525@theotokus.dev,pwd123
User3526,user3526@theotokus.dev,pwd123
User3527,user3527@theotokus.dev,pwd123
User3528,user3528@theotokus.dev,pwd123
User3529,user3529@theotokus.dev,pwd123
User3530,user3530@theotokus.dev,pwd123
User3531,user3531@theotokus.dev,pwd123
User3532,user3532@theotokus.dev,pwd123
User3533,user3533@theotokus.dev,pwd123
User3534,user3534@theotokus.dev,pwd123
User3535,user3535@theotokus.dev,pwd123
User3536,user3536@theotokus.dev,pwd123
User3537,user3537@theotokus.dev,pwd123
User3538,user3538@theotokus.dev,pwd123
User3539,user3539@theotokus.dev,pwd123
User3540,user3540@theotokus.dev,pwd123
User3541,user3541@theotokus.dev,pwd123
User3542,user3542@theotokus.dev,pwd123
User3543,user3543@theotokus.dev,pwd123
User3544,user3544@theotokus.dev,pwd123
User3545,user3545@theotokus.dev,pwd123
User3546,user3546@theotokus.dev,pwd123
User3547,user3547@theotokus.dev,pwd123
User3548,user3548@theotokus.dev,pwd123
User3549,user3549@theotokus.dev,pwd123
User3550,user3550@theotokus.dev,pwd123
User3551,user3551@theotokus.dev,pwd123
User3552,user3552@theotokus.dev,pwd123
User3553,user3553@theotokus.dev,pwd123
User3554,user3554@theotokus.dev,pwd123
User3555,user3555@theotokus.dev,pwd123
User3556,user3556@theotokus.dev,pwd123
User3557,user3557@theotokus.dev,pwd123
User3558,user3558@theotokus.dev,pwd123
User3559,user3559@theotokus.dev,pwd123
User3560,user3560@theotokus.dev,pwd123
User3561,user3561@theotokus.dev,pwd123
User3562,user3562@theotokus.dev,pwd123
User3563,user3563@theotokus.dev,pwd123
User3564,user3564@theotokus.dev,pwd123
User3565,user3565@theotokus.dev,pwd123
User3566,user3566@theotokus.dev,pwd123
User3567,user3567@theotokus.dev,pwd123
User3568,user3568@theotokus.dev,pwd123
User3569,user3569@theotokus.dev,pwd123
User3570,user3570@theotokus.dev,pwd123
User3571,user3571@theotokus.dev,pwd123
User3572,user3572@theotokus.dev,pwd123
User3573,user3573@theotokus.dev,pwd123
User3574,user3574@theotokus.dev,pwd123
User3575,user3575@theotokus.dev,pwd123
User3576,user3576@theotokus.dev,pwd123
User3577,user3577@theotokus.dev,pwd123
User3578,user3578@theotokus.dev,pwd123
User3579,user3579@theotokus.dev,pwd123
User3580,user3580@theotokus.dev,pwd123
User3581,user3581@theotokus.dev,pwd123
User3582,user3582@theotokus.dev,pwd123
User3583,user3583@theotokus.dev,pwd123
User3584,user3584@theotokus.dev,pwd123
User3585,user3585@theotokus.dev,pwd123
User3586,user3586@theotokus.dev,pwd123
User3587,user3587@theotokus.dev,pwd123
User3588,user3588@theotokus.dev,pwd123
User3589,user3589@theotokus.dev,pwd123
User3590,user3590@theotokus.dev,pwd123
User3591,user3591@theotokus.dev,pwd123
User3592,user3592@theotokus.dev,pwd123
User3593,user3593@theotokus.dev,pwd123
User3594,user3594@theotokus.dev,pwd123
User3595,user3595@theotokus.dev,pwd123
User3596,user3596@theotokus.dev,pwd123
User3597,user3597@theotokus.dev,pwd123
User3598,user3598@theotokus.dev,pwd123
User3599,user3599@theotokus.dev,pwd123
User3600,user3600@theotokus.dev,pwd123
User3601,user3601@theotokus.dev,pwd123
User3602,user3602@theotokus.dev,pwd123
User3603,user3603@theotokus.dev,pwd123
User3604,user3604@theotokus.dev,pwd123
User3605,user3605@theotokus.dev,pwd123
User3606,user3606@theotokus.dev,pwd123
User3607,user3607@theotokus.dev,pwd123
User3608,user3608@theotokus.dev,pwd123
User3609,user3609@theotokus.dev,pwd123
User3610,user3610@theotokus.dev,pwd123
User3611,user3611@theotokus.dev,pwd123
User3612,user3612@theotokus.dev,pwd123
User3613,user3613@theotokus.dev,pwd123
User3614,user3614@theotokus.dev,pwd123
User3615,user3615@theotokus.dev,pwd123
User3616,user3616@theotokus.dev,pwd123
User3617,user3617@theotokus.dev,pwd123
User3618,user3618@theotokus.dev,pwd123
User3619,user3619@theotokus.dev,pwd123
User3620,user3620@theotokus.dev,pwd123
User3621,user3621@theotokus.dev,pwd123
User3622,user3622@theotokus.dev,pwd123
User3623,user3623@theotokus.dev,pwd123
User3624,user3624@theotokus.dev,pwd123
User3625,user3625@theotokus.dev,pwd123
User3626,user3626@theotokus.dev,pwd123
User3627,user3627@theotokus.dev,pwd123
User3628,user3628@theotokus.dev,pwd123
User3629,user3629@theotokus.dev,pwd123
User3630,user3630@theotokus.dev,pwd123
User3631,user3631@theotokus.dev,pwd123
User3632,user3632@theotokus.dev,pwd123
User3633,user3633@theotokus.dev,pwd123
User3634,user3634@theotokus.dev,pwd123
User3635,user3635@theotokus.dev,pwd123
User3636,user3636@theotokus.dev,pwd123
User3637,user3637@theotokus.dev,pwd123
User3638,user3638@theotokus.dev,pwd123
User3639,user3639@theotokus.dev,pwd123
User3640,user3640@theotokus.dev,pwd123
User3641,user3641@theotokus.dev,pwd123
User3642,user3642@theotokus.dev,pwd123
User3643,user3643@theotokus.dev,pwd123
User3644,user3644@theotokus.dev,pwd123
User3645,user3645@theotokus.dev,pwd123
User3646,user3646@theotokus.dev,pwd123
User3647,user3647@theotokus.dev,pwd123
User3648,user3648@theotokus.dev,pwd123
User3649,user3649@theotokus.dev,pwd123
User3650,user3650@theotokus.dev,pwd123
User3651,user3651@theotokus.dev,pwd123
User3652,user3652@theotokus.dev,pwd123
User3653,user3653@theotokus.dev,pwd123
User3654,user3654@theotokus.dev,pwd123
User3655,user3655@theotokus.dev,pwd123
User3656,user3656@theotokus.dev,pwd123
User3657,user3657@theotokus.dev,pwd123
User3658,user3658@theotokus.dev,pwd123
User3659,user3659@theotokus.dev,pwd123
User3660,user3660@theotokus.dev,pwd123
User3661,user3661@theotokus.dev,pwd123
User3662,user3662@theotokus.dev,pwd123
User3663,user3663@theotokus.dev,pwd123
User3664,user3664@theotokus.dev,pwd123
User3665,user3665@theotokus.dev,pwd123
User3666,user3666@theotokus.dev,pwd123
User3667,user3667@theotokus.dev,pwd123
User3668,user3668@theotokus.dev,pwd123
User3669,user3669@theotokus.dev,pwd123
User3670,user3670@theotokus.dev,pwd123
User3671,user3671@theotokus.dev,pwd123
User3672,user3672@theotokus.dev,pwd123
User3673,user3673@theotokus.dev,pwd123
User3674,user3674@theotokus.dev,pwd123
User3675,user3675@theotokus.dev,pwd123
User3676,user3676@theotokus.dev,pwd123
User3677,user3677@theotokus.dev,pwd123
User3678,user3678@theotokus.dev,pwd123
User3679,user3679@theotokus.dev,pwd123
User3680,user3680@theotokus.dev,pwd123
User3681,user3681@theotokus.dev,pwd123
User3682,user3682@theotokus.dev,pwd123
User3683,user3683@theotokus.dev,pwd123
User3684,user3684@theotokus.dev,pwd123
User3685,user3685@theotokus.dev,pwd123
User3686,user3686@theotokus.dev,pwd123
User3687,user3687@theotokus.dev,pwd123
User3688,user3688@theotokus.dev,pwd123
User3689,user3689@theotokus.dev,pwd123
User3690,user3690@theotokus.dev,pwd123
User3691,user3691@theotokus.dev,pwd123
User3692,user3692@theotokus.dev,pwd123
User3693,user3693@theotokus.dev,pwd123
User3694,user3694@theotokus.dev,pwd123
User3695,user3695@theotokus.dev,pwd123
User3696,user3696@theotokus.dev,pwd123
User3697,user3697@theotokus.dev,pwd123
User3698,user3698@theotokus.dev,pwd123
User3699,user3699@theotokus.dev,pwd123
User3700,user3700@theotokus.dev,pwd123
User3701,user3701@theotokus.dev,pwd123
User3702,user3702@theotokus.dev,pwd123
User3703,user3703@theotokus.dev,pwd123
User3704,user3704@theotokus.dev,pwd123
User3705,user3705@theotokus.dev,pwd123
User3706,user3706@theotokus.dev,pwd123
User3707,user3707@theotokus.dev,pwd123
User3708,user3708@theotokus.dev,pwd123
User3709,user3709@theotokus.dev,pwd123
User3710,user3710@theotokus.dev,pwd123
User3711,user3711@theotokus.dev,pwd123
User3712,user3712@theotokus.dev,pwd123
User3713,user3713@theotokus.dev,pwd123
User3714,user3714@theotokus.dev,pwd123
User3715,user3715@theotokus.dev,pwd123
User3716,user3716@theotokus.dev,pwd123
User3717,user3717@theotokus.dev,pwd123
User3718,user3718@theotokus.dev,pwd123
User3719,user3719@theotokus.dev,pwd123
User3720,user3720@theotokus.dev,pwd123
User3721,user3721@theotokus.dev,pwd123
User3722,user3722@theotokus.dev,pwd123
User3723,user3723@theotokus.dev,pwd123
User3724,user3724@theotokus.dev,pwd123
User3725,user3725@theotokus.dev,pwd123
User3726,user3726@theotokus.dev,pwd123
User3727,user3727@theotokus.dev,pwd123
User3728,user3728@theotokus.dev,pwd123
User3729,user3729@theotokus.dev,pwd123
User3730,user3730@theotokus.dev,pwd123
User3731,user3731@theotokus.dev,pwd123
User3732,user3732@theotokus.dev,pwd123
User3733,user3733@theotokus.dev,pwd123
User3734,user3734@theotokus.dev,pwd123
User3735,user3735@theotokus.dev,pwd123
User3736,user3736@theotokus.dev,pwd123
User3737,user3737@theotokus.dev,pwd123
User3738,user3738@theotokus.dev,pwd123
User3739,user3739@theotokus.dev,pwd123
User3740,user3740@theotokus.dev,pwd123
User3741,user3741@theotokus.dev,pwd123
User3742,user3742@theotokus.dev,pwd123
User3743,user3743@theotokus.dev,pwd123
User3744,user3744@theotokus.dev,pwd123
User3745,user3745@theotokus.dev,pwd123
User3746,user3746@theotokus.dev,pwd123
User3747,user3747@theotokus.dev,pwd123
User3748,user3748@theotokus.dev,pwd123
User3749,user3749@theotokus.dev,pwd123
User3750,user3750@theotokus.dev,pwd123
User3751,user3751@theotokus.dev,pwd123
User3752,user3752@theotokus.dev,pwd123
User3753,user3753@theotokus.dev,pwd123
User3754,user3754@theotokus.dev,pwd123
User3755,user3755@theotokus.dev,pwd123
User3756,user3756@theotokus.dev,pwd123
User3757,user3757@theotokus.dev,pwd123
User3758,user3758@theotokus.dev,pwd123
User3759,user3759@theotokus.dev,pwd123
User3760,user3760@theotokus.dev,pwd123
User3761,user3761@theotokus.dev,pwd123
User3762,user3762@theotokus.dev,pwd123
User3763,user3763@theotokus.dev,pwd123
User3764,user3764@theotokus.dev,pwd123
User3765,user3765@theotokus.dev,pwd123
User3766,user3766@theotokus.dev,pwd123
User3767,user3767@theotokus.dev,pwd123
User3768,user3768@theotokus.dev,pwd123
User3769,user3769@theotokus.dev,pwd123
User3770,user3770@theotokus.dev,pwd123
User3771,user3771@theotokus.dev,pwd123
User3772,user3772@theotokus.dev,pwd123
User3773,user3773@theotokus.dev,pwd123
User3774,user3774@theotokus.dev,pwd123
User3775,user3775@theotokus.dev,pwd123
User3776,user3776@theotokus.dev,pwd123
User3777,user3777@theotokus.dev,pwd123
User3778,user3778@theotokus.dev,pwd123
User3779,user3779@theotokus.dev,pwd123
User3780,user3780@theotokus.dev,pwd123
User3781,user3781@theotokus.dev,pwd123
User3782,user3782@theotokus.dev,pwd123
User3783,user3783@theotokus.dev,pwd123
User3784,user3784@theotokus.dev,pwd123
User3785,user3785@theotokus.dev,pwd123
User3786,user3786@theotokus.dev,pwd123
User3787,user3787@theotokus.dev,pwd123
User3788,user3788@theotokus.dev,pwd123
User3789,user3789@theotokus.dev,pwd123
User3790,user3790@theotokus.dev,pwd123
User3791,user3791@theotokus.dev,pwd123
User3792,user3792@theotokus.dev,pwd123
User3793,user3793@theotokus.dev,pwd123
User3794,user3794@theotokus.dev,pwd123
User3795,user3795@theotokus.dev,pwd123
User3796,user3796@theotokus.dev,pwd123
User3797,user3797@theotokus.dev,pwd123
User3798,user3798@theotokus.dev,pwd123
User3799,user3799@theotokus.dev,pwd123
User3800,user3800@theotokus.dev,pwd123
User3801,user3801@theotokus.dev,pwd123
User3802,user3802@theotokus.dev,pwd123
User3803,user3803@theotokus.dev,pwd123
User3804,user3804@theotokus.dev,pwd123
User3805,user3805@theotokus.dev,pwd123
User3806,user3806@theotokus.dev,pwd123
User3807,user3807@theotokus.dev,pwd123
User3808,user3808@theotokus.dev,pwd123
User3809,user3809@theotokus.dev,pwd123
User3810,user3810@theotokus.dev,pwd123
User3811,user3811@theotokus.dev,pwd123
User3812,user3812@theotokus.dev,pwd123
User3813,user3813@theotokus.dev,pwd123
User3814,user3814@theotokus.dev,pwd123
User3815,user3815@theotokus.dev,pwd123
User3816,user3816@theotokus.dev,pwd123
User3817,user3817@theotokus.dev,pwd123
User3818,user3818@theotokus.dev,pwd123
User3819,user3819@theotokus.dev,pwd123
User3820,user3820@theotokus.dev,pwd123
User3821,user3821@theotokus.dev,pwd123
User3822,user3822@theotokus.dev,pwd123
User3823,user3823@theotokus.dev,pwd123
User3824,user3824@theotokus.dev,pwd123
User3825,user3825@theotokus.dev,pwd123
User3826,user3826@theotokus.dev,pwd123
User3827,user3827@theotokus.dev,pwd123
User3828,user3828@theotokus.dev,pwd123
User3829,user3829@theotokus.dev,pwd123
User3830,user3830@theotokus.dev,pwd123
User3831,user3831@theotokus.dev,pwd123
User3832,user3832@theotokus.dev,pwd123
User3833,user3833@theotokus.dev,pwd123
User3834,user3834@theotokus.dev,pwd123
User3835,user3835@theotokus.dev,pwd123
User3836,user3836@theotokus.dev,pwd123
User3837,user3837@theotokus.dev,pwd123
User3838,user3838@theotokus.dev,pwd123
User3839,user3839@theotokus.dev,pwd123
User3840,user3840@theotokus.dev,pwd123
User3841,user3841@theotokus.dev,pwd123
User3842,user3842@theotokus.dev,pwd123
User3843,user3843@theotokus.dev,pwd123
User3844,user3844@theotokus.dev,pwd123
User3845,user3845@theotokus.dev,pwd123
User3846,user3846@theotokus.dev,pwd123
User3847,user3847@theotokus.dev,pwd123
User3848,user3848@theotokus.dev,pwd123
User3849,user3849@theotokus.dev,pwd123
User3850,user3850@theotokus.dev,pwd123
User3851,user3851@theotokus.dev,pwd123
User3852,user3852@theotokus.dev,pwd123
User3853,user3853@theotokus.dev,pwd123
User3854,user3854@theotokus.dev,pwd123
User3855,user3855@theotokus.dev,pwd123
User3856,user3856@theotokus.dev,pwd123
User3857,user3857@theotokus.dev,pwd123
User3858,user3858@theotokus.dev,pwd123
User3859,user3859@theotokus.dev,pwd123
User3860,user3860@theotokus.dev,pwd123
User3861,user3861@theotokus.dev,pwd123
User3862,user3862@theotokus.dev,pwd123
User3863,user3863@theotokus.dev,pwd123
User3864,user3864@theotokus.dev,pwd123
User3865,user3865@theotokus.dev,pwd123
User3866,user3866@theotokus.dev,pwd123
User3867,user3867@theotokus.dev,pwd123
User3868,user3868@theotokus.dev,pwd123
User3869,user3869@theotokus.dev,pwd123
User3870,user3870@theotokus.dev,pwd123
User3871,user3871@theotokus.dev,pwd123
User3872,user3872@theotokus.dev,pwd123
User3873,user3873@theotokus.dev,pwd123
User3874,user3874@theotokus.dev,pwd123
User3875,user3875@theotokus.dev,pwd123
User3876,user3876@theotokus.dev,pwd123
User3877,user3877@theotokus.dev,pwd123
User3878,user3878@theotokus.dev,pwd123
User3879,user3879@theotokus.dev,pwd123
User3880,user3880@theotokus.dev,pwd123
User3881,user3881@theotokus.dev,pwd123
User3882,user3882@theotokus.dev,pwd123
User3883,user3883@theotokus.dev,pwd123
User3884,user3884@theotokus.dev,pwd123
User3885,user3885@theotokus.dev,pwd123
User3886,user3886@theotokus.dev,pwd123
User3887,user3887@theotokus.dev,pwd123
User3888,user3888@theotokus.dev,pwd123
User3889,user3889@theotokus.dev,pwd123
User3890,user3890@theotokus.dev,pwd123
User3891,user3891@theotokus.dev,pwd123
User3892,user3892@theotokus.dev,pwd123
User3893,user3893@theotokus.dev,pwd123
User3894,user3894@theotokus.dev,pwd123
User3895,user3895@theotokus.dev,pwd123
User3896,user3896@theotokus.dev,pwd123
User3897,user3897@theotokus.dev,pwd123
User3898,user3898@theotokus.dev,pwd123
User3899,user3899@theotokus.dev,pwd123
User3900,user3900@theotokus.dev,pwd123
User3901,user3901@theotokus.dev,pwd123
User3902,user3902@theotokus.dev,pwd123
User3903,user3903@theotokus.dev,pwd123
User3904,user3904@theotokus.dev,pwd123
User3905,user3905@theotokus.dev,pwd123
User3906,user3906@theotokus.dev,pwd123
User3907,user3907@theotokus.dev,pwd123
User3908,user3908@theotokus.dev,pwd123
User3909,user3909@theotokus.dev,pwd123
User3910,user3910@theotokus.dev,pwd123
User3911,user3911@theotokus.dev,pwd123
User3912,user3912@theotokus.dev,pwd123
User3913,user3913@theotokus.dev,pwd123
User3914,user3914@theotokus.dev,pwd123
User3915,user3915@theotokus.dev,pwd123
User3916,user3916@theotokus.dev,pwd123
User3917,user3917@theotokus.dev,pwd123
User3918,user3918@theotokus.dev,pwd123
User3919,user3919@theotokus.dev,pwd123
User3920,user3920@theotokus.dev,pwd123
User3921,user3921@theotokus.dev,pwd123
User3922,user3922@theotokus.dev,pwd123
User3923,user3923@theotokus.dev,pwd123
User3924,user3924@theotokus.dev,pwd123
User3925,user3925@theotokus.dev,pwd123
User3926,user3926@theotokus.dev,pwd123
User3927,user3927@theotokus.dev,pwd123
User3928,user3928@theotokus.dev,pwd123
User3929,user3929@theotokus.dev,pwd123
User3930,user3930@theotokus.dev,pwd123
User3931,user3931@theotokus.dev,pwd123
User3932,user3932@theotokus.dev,pwd123
User3933,user3933@theotokus.dev,pwd123
User3934,user3934@theotokus.dev,pwd123
User3935,user3935@theotokus.dev,pwd123
User3936,user3936@theotokus.dev,pwd123
User3937,user3937@theotokus.dev,pwd123
User3938,user3938@theotokus.dev,pwd123
User3939,user3939@theotokus.dev,pwd123
User3940,user3940@theotokus.dev,pwd123
User3941,user3941@theotokus.dev,pwd123
User3942,user3942@theotokus.dev,pwd123
User3943,user3943@theotokus.dev,pwd123
User3944,user3944@theotokus.dev,pwd123
User3945,user3945@theotokus.dev,pwd123
User3946,user3946@theotokus.dev,pwd123
User3947,user3947@theotokus.dev,pwd123
User3948,user3948@theotokus.dev,pwd123
User3949,user3949@theotokus.dev,pwd123
User3950,user3950@theotokus.dev,pwd123
User3951,user3951@theotokus.dev,pwd123
User3952,user3952@theotokus.dev,pwd123
User3953,user3953@theotokus.dev,pwd123
User3954,user3954@theotokus.dev,pwd123
User3955,user3955@theotokus.dev,pwd123
User3956,user3956@theotokus.dev,pwd123
User3957,user3957@theotokus.dev,pwd123
User3958,user3958@theotokus.dev,pwd123
User3959,user3959@theotokus.dev,pwd123
User3960,user3960@theotokus.dev,pwd123
User3961,user3961@theotokus.dev,pwd123
User3962,user3962@theotokus.dev,pwd123
User3963,user3963@theotokus.dev,pwd123
User3964,user3964@theotokus.dev,pwd123
User3965,user3965@theotokus.dev,pwd123
User3966,user3966@theotokus.dev,pwd123
User3967,user3967@theotokus.dev,pwd123
User3968,user3968@theotokus.dev,pwd123
User3969,user3969@theotokus.dev,pwd123
User3970,user3970@theotokus.dev,pwd123
User3971,user3971@theotokus.dev,pwd123
User3972,user3972@theotokus.dev,pwd123
User3973,user3973@theotokus.dev,pwd123
User3974,user3974@theotokus.dev,pwd123
User3975,user3975@theotokus.dev,pwd123
User3976,user3976@theotokus.dev,pwd123
User3977,user3977@theotokus.dev,pwd123
User3978,user3978@theotokus.dev,pwd123
User3979,user3979@theotokus.dev,pwd123
User3980,user3980@theotokus.dev,pwd123
User3981,user3981@theotokus.dev,pwd123
User3982,user3982@theotokus.dev,pwd123
User3983,user3983@theotokus.dev,pwd123
User3984,user3984@theotokus.dev,pwd123
User3985,user3985@theotokus.dev,pwd123
User3986,user3986@theotokus.dev,pwd123
User3987,user3987@theotokus.dev,pwd123
User3988,user3988@theotokus.dev,pwd123
User3989,user3989@theotokus.dev,pwd123
User3990,user3990@theotokus.dev,pwd123
User3991,user3991@theotokus.dev,pwd123
User3992,user3992@theotokus.dev,pwd123
User3993,user3993@theotokus.dev,pwd123
User3994,user3994@theotokus.dev,pwd123
User3995,user3995@theotokus.dev,pwd123
User3996,user3996@theotokus.dev,pwd123
User3997,user3997@theotokus.dev,pwd123
User3998,user3998@theotokus.dev,pwd123
User3999,user3999@theotokus.dev,pwd123
User4000,user4000@theotokus.dev,pwd123
User4001,user4001@theotokus.dev,pwd123
User4002,user4002@theotokus.dev,pwd123
User4003,user4003@theotokus.dev,pwd123
User4004,user4004@theotokus.dev,pwd123
User4005,user4005@theotokus.dev,pwd123
User4006,user4006@theotokus.dev,pwd123
User4007,user4007@theotokus.dev,pwd123
User4008,user4008@theotokus.dev,pwd123
User4009,user4009@theotokus.dev,pwd123
User4010,user4010@theotokus.dev,pwd123
User4011,user4011@theotokus.dev,pwd123
User4012,user4012@theotokus.dev,pwd123
User4013,user4013@theotokus.dev,pwd123
User4014,user4014@theotokus.dev,pwd123
User4015,user4015@theotokus.dev,pwd123
User4016,user4016@theotokus.dev,pwd123
User4017,user4017@theotokus.dev,pwd123
User4018,user4018@theotokus.dev,pwd123
User4019,user4019@theotokus.dev,pwd123
User4020,user4020@theotokus.dev,pwd123
User4021,user4021@theotokus.dev,pwd123
User4022,user4022@theotokus.dev,pwd123
User4023,user4023@theotokus.dev,pwd123
User4024,user4024@theotokus.dev,pwd123
User4025,user4025@theotokus.dev,pwd123
User4026,user4026@theotokus.dev,pwd123
User4027,user4027@theotokus.dev,pwd123
User4028,user4028@theotokus.dev,pwd123
User4029,user4029@theotokus.dev,pwd123
User4030,user4030@theotokus.dev,pwd123
User4031,user4031@theotokus.dev,pwd123
User4032,user4032@theotokus.dev,pwd123
User4033,user4033@theotokus.dev,pwd123
User4034,user4034@theotokus.dev,pwd123
User4035,user4035@theotokus.dev,pwd123
User4036,user4036@theotokus.dev,pwd123
User4037,user4037@theotokus.dev,pwd123
User4038,user4038@theotokus.dev,pwd123
User4039,user4039@theotokus.dev,pwd123
User4040,user4040@theotokus.dev,pwd123
User4041,user4041@theotokus.dev,pwd123
User4042,user4042@theotokus.dev,pwd123
User4043,user4043@theotokus.dev,pwd123
User4044,user4044@theotokus.dev,pwd123
User4045,user4045@theotokus.dev,pwd123
User4046,user4046@theotokus.dev,pwd123
User4047,user4047@theotokus.dev,pwd123
User4048,user4048@theotokus.dev,pwd123
User4049,user4049@theotokus.dev,pwd123
User4050,user4050@theotokus.dev,pwd123
User4051,user4051@theotokus.dev,pwd123
User4052,user4052@theotokus.dev,pwd123
User4053,user4053@theotokus.dev,pwd123
User4054,user4054@theotokus.dev,pwd123
User4055,user4055@theotokus.dev,pwd123
User4056,user4056@theotokus.dev,pwd123
User4057,user4057@theotokus.dev,pwd123
User4058,user4058@theotokus.dev,pwd123
User4059,user4059@theotokus.dev,pwd123
User4060,user4060@theotokus.dev,pwd123
User4061,user4061@theotokus.dev,pwd123
User4062,user4062@theotokus.dev,pwd123
User4063,user4063@theotokus.dev,pwd123
User4064,user4064@theotokus.dev,pwd123
User4065,user4065@theotokus.dev,pwd123
User4066,user4066@theotokus.dev,pwd123
User4067,user4067@theotokus.dev,pwd123
User4068,user4068@theotokus.dev,pwd123
User4069,user4069@theotokus.dev,pwd123
User4070,user4070@theotokus.dev,pwd123
User4071,user4071@theotokus.dev,pwd123
User4072,user4072@theotokus.dev,pwd123
User4073,user4073@theotokus.dev,pwd123
User4074,user4074@theotokus.dev,pwd123
User4075,user4075@theotokus.dev,pwd123
User4076,user4076@theotokus.dev,pwd123
User4077,user4077@theotokus.dev,pwd123
User4078,user4078@theotokus.dev,pwd123
User4079,user4079@theotokus.dev,pwd123
User4080,user4080@theotokus.dev,pwd123
User4081,user4081@theotokus.dev,pwd123
User4082,user4082@theotokus.dev,pwd123
User4083,user4083@theotokus.dev,pwd123
User4084,user4084@theotokus.dev,pwd123
User4085,user4085@theotokus.dev,pwd123
User4086,user4086@theotokus.dev,pwd123
User4087,user4087@theotokus.dev,pwd123
User4088,user4088@theotokus.dev,pwd123
User4089,user4089@theotokus.dev,pwd123
User4090,user4090@theotokus.dev,pwd123
User4091,user4091@theotokus.dev,pwd123
User4092,user4092@theotokus.dev,pwd123
User4093,user4093@theotokus.dev,pwd123
User4094,user4094@theotokus.dev,pwd123
User4095,user4095@theotokus.dev,pwd123
User4096,user4096@theotokus.dev,pwd123
User4097,user4097@theotokus.dev,pwd123
User4098,user4098@theotokus.dev,pwd123
User4099,user4099@theotokus.dev,pwd123
User4100,user4100@theotokus.dev,pwd123
User4101,user4101@theotokus.dev,pwd123
User4102,user4102@theotokus.dev,pwd123
User4103,user4103@theotokus.dev,pwd123
User4104,user4104@theotokus.dev,pwd123
User4105,user4105@theotokus.dev,pwd123
User4106,user4106@theotokus.dev,pwd123
User4107,user4107@theotokus.dev,pwd123
User4108,user4108@theotokus.dev,pwd123
User4109,user4109@theotokus.dev,pwd123
User4110,user4110@theotokus.dev,pwd123
User4111,user4111@theotokus.dev,pwd123
User4112,user4112@theotokus.dev,pwd123
User4113,user4113@theotokus.dev,pwd123
User4114,user4114@theotokus.dev,pwd123
User4115,user4115@theotokus.dev,pwd123
User4116,user4116@theotokus.dev,pwd123
User4117,user4117@theotokus.dev,pwd123
User4118,user4118@theotokus.dev,pwd123
User4119,user4119@theotokus.dev,pwd123
User4120,user4120@theotokus.dev,pwd123
User4121,user4121@theotokus.dev,pwd123
User4122,user4122@theotokus.dev,pwd123
User4123,user4123@theotokus.dev,pwd123
User4124,user4124@theotokus.dev,pwd123
User4125,user4125@theotokus.dev,pwd123
User4126,user4126@theotokus.dev,pwd123
User4127,user4127@theotokus.dev,pwd123
User4128,user4128@theotokus.dev,pwd123
User4129,user4129@theotokus.dev,pwd123
User4130,user4130@theotokus.dev,pwd123
User4131,user4131@theotokus.dev,pwd123
User4132,user4132@theotokus.dev,pwd123
User4133,user4133@theotokus.dev,pwd123
User4134,user4134@theotokus.dev,pwd123
User4135,user4135@theotokus.dev,pwd123
User4136,user4136@theotokus.dev,pwd123
User4137,user4137@theotokus.dev,pwd123
User4138,user4138@theotokus.dev,pwd123
User4139,user4139@theotokus.dev,pwd123
User4140,user4140@theotokus.dev,pwd123
User4141,user4141@theotokus.dev,pwd123
User4142,user4142@theotokus.dev,pwd123
User4143,user4143@theotokus.dev,pwd123
User4144,user4144@theotokus.dev,pwd123
User4145,user4145@theotokus.dev,pwd123
User4146,user4146@theotokus.dev,pwd123
User4147,user4147@theotokus.dev,pwd123
User4148,user4148@theotokus.dev,pwd123
User4149,user4149@theotokus.dev,pwd123
User4150,user4150@theotokus.dev,pwd123
User4151,user4151@theotokus.dev,pwd123
User4152,user4152@theotokus.dev,pwd123
User4153,user4153@theotokus.dev,pwd123
User4154,user4154@theotokus.dev,pwd123
User4155,user4155@theotokus.dev,pwd123
User4156,user4156@theotokus.dev,pwd123
User4157,user4157@theotokus.dev,pwd123
User4158,user4158@theotokus.dev,pwd123
User4159,user4159@theotokus.dev,pwd123
User4160,user4160@theotokus.dev,pwd123
User4161,user4161@theotokus.dev,pwd123
User4162,user4162@theotokus.dev,pwd123
User4163,user4163@theotokus.dev,pwd123
User4164,user4164@theotokus.dev,pwd123
User4165,user4165@theotokus.dev,pwd123
User4166,user4166@theotokus.dev,pwd123
User4167,user4167@theotokus.dev,pwd123
User4168,user4168@theotokus.dev,pwd123
User4169,user4169@theotokus.dev,pwd123
User4170,user4170@theotokus.dev,pwd123
User4171,user4171@theotokus.dev,pwd123
User4172,user4172@theotokus.dev,pwd123
User4173,user4173@theotokus.dev,pwd123
User4174,user4174@theotokus.dev,pwd123
User4175,user4175@theotokus.dev,pwd123
User4176,user4176@theotokus.dev,pwd123
User4177,user4177@theotokus.dev,pwd123
User4178,user4178@theotokus.dev,pwd123
User4179,user4179@theotokus.dev,pwd123
User4180,user4180@theotokus.dev,pwd123
User4181,user4181@theotokus.dev,pwd123
User4182,user4182@theotokus.dev,pwd123
User4183,user4183@theotokus.dev,pwd123
User4184,user4184@theotokus.dev,pwd123
User4185,user4185@theotokus.dev,pwd123
User4186,user4186@theotokus.dev,pwd123
User4187,user4187@theotokus.dev,pwd123
User4188,user4188@theotokus.dev,pwd123
User4189,user4189@theotokus.dev,pwd123
User4190,user4190@theotokus.dev,pwd123
User4191,user4191@theotokus.dev,pwd123
User4192,user4192@theotokus.dev,pwd123
User4193,user4193@theotokus.dev,pwd123
User4194,user4194@theotokus.dev,pwd123
User4195,user4195@theotokus.dev,pwd123
User4196,user4196@theotokus.dev,pwd123
User4197,user4197@theotokus.dev,pwd123
User4198,user4198@theotokus.dev,pwd123
User4199,user4199@theotokus.dev,pwd123
User4200,user4200@theotokus.dev,pwd123
User4201,user4201@theotokus.dev,pwd123
User4202,user4202@theotokus.dev,pwd123
User4203,user4203@theotokus.dev,pwd123
User4204,user4204@theotokus.dev,pwd123
User4205,user4205@theotokus.dev,pwd123
User4206,user4206@theotokus.dev,pwd123
User4207,user4207@theotokus.dev,pwd123
User4208,user4208@theotokus.dev,pwd123
User4209,user4209@theotokus.dev,pwd123
User4210,user4210@theotokus.dev,pwd123
User4211,user4211@theotokus.dev,pwd123
User4212,user4212@theotokus.dev,pwd123
User4213,user4213@theotokus.dev,pwd123
User4214,user4214@theotokus.dev,pwd123
User4215,user4215@theotokus.dev,pwd123
User4216,user4216@theotokus.dev,pwd123
User4217,user4217@theotokus.dev,pwd123
User4218,user4218@theotokus.dev,pwd123
User4219,user4219@theotokus.dev,pwd123
User4220,user4220@theotokus.dev,pwd123
User4221,user4221@theotokus.dev,pwd123
User4222,user4222@theotokus.dev,pwd123
User4223,user4223@theotokus.dev,pwd123
User4224,user4224@theotokus.dev,pwd123
User4225,user4225@theotokus.dev,pwd123
User4226,user4226@theotokus.dev,pwd123
User4227,user4227@theotokus.dev,pwd123
User4228,user4228@theotokus.dev,pwd123
User4229,user4229@theotokus.dev,pwd123
User4230,user4230@theotokus.dev,pwd123
User4231,user4231@theotokus.dev,pwd123
User4232,user4232@theotokus.dev,pwd123
User4233,user4233@theotokus.dev,pwd123
User4234,user4234@theotokus.dev,pwd123
User4235,user4235@theotokus.dev,pwd123
User4236,user4236@theotokus.dev,pwd123
User4237,user4237@theotokus.dev,pwd123
User4238,user4238@theotokus.dev,pwd123
User4239,user4239@theotokus.dev,pwd123
User4240,user4240@theotokus.dev,pwd123
User4241,user4241@theotokus.dev,pwd123
User4242,user4242@theotokus.dev,pwd123
User4243,user4243@theotokus.dev,pwd123
User4244,user4244@theotokus.dev,pwd123
User4245,user4245@theotokus.dev,pwd123
User4246,user4246@theotokus.dev,pwd123
User4247,user4247@theotokus.dev,pwd123
User4248,user4248@theotokus.dev,pwd123
User4249,user4249@theotokus.dev,pwd123
User4250,user4250@theotokus.dev,pwd123
User4251,user4251@theotokus.dev,pwd123
User4252,user4252@theotokus.dev,pwd123
User4253,user4253@theotokus.dev,pwd123
User4254,user4254@theotokus.dev,pwd123
User4255,user4255@theotokus.dev,pwd123
User4256,user4256@theotokus.dev,pwd123
User4257,user4257@theotokus.dev,pwd123
User4258,user4258@theotokus.dev,pwd123
User4259,user4259@theotokus.dev,pwd123
User4260,user4260@theotokus.dev,pwd123
User4261,user4261@theotokus.dev,pwd123
User4262,user4262@theotokus.dev,pwd123
User4263,user4263@theotokus.dev,pwd123
User4264,user4264@theotokus.dev,pwd123
User4265,user4265@theotokus.dev,pwd123
User4266,user4266@theotokus.dev,pwd123
User4267,user4267@theotokus.dev,pwd123
User4268,user4268@theotokus.dev,pwd123
User4269,user4269@theotokus.dev,pwd123
User4270,user4270@theotokus.dev,pwd123
User4271,user4271@theotokus.dev,pwd123
User4272,user4272@theotokus.dev,pwd123
User4273,user4273@theotokus.dev,pwd123
User4274,user4274@theotokus.dev,pwd123
User4275,user4275@theotokus.dev,pwd123
User4276,user4276@theotokus.dev,pwd123
User4277,user4277@theotokus.dev,pwd123
User4278,user4278@theotokus.dev,pwd123
User4279,user4279@theotokus.dev,pwd123
User4280,user4280@theotokus.dev,pwd123
User4281,user4281@theotokus.dev,pwd123
User4282,user4282@theotokus.dev,pwd123
User4283,user4283@theotokus.dev,pwd123
User4284,user4284@theotokus.dev,pwd123
User4285,user4285@theotokus.dev,pwd123
User4286,user4286@theotokus.dev,pwd123
User4287,user4287@theotokus.dev,pwd123
User4288,user4288@theotokus.dev,pwd123
User4289,user4289@theotokus.dev,pwd123
User4290,user4290@theotokus.dev,pwd123
User4291,user4291@theotokus.dev,pwd123
User4292,user4292@theotokus.dev,pwd123
User4293,user4293@theotokus.dev,pwd123
User4294,user4294@theotokus.dev,pwd123
User4295,user4295@theotokus.dev,pwd123
User4296,user4296@theotokus.dev,pwd123
User4297,user4297@theotokus.dev,pwd123
User4298,user4298@theotokus.dev,pwd123
User4299,user4299@theotokus.dev,pwd123
User4300,user4300@theotokus.dev,pwd123
User4301,user4301@theotokus.dev,pwd123
User4302,user4302@theotokus.dev,pwd123
User4303,user4303@theotokus.dev,pwd123
User4304,user4304@theotokus.dev,pwd123
User4305,user4305@theotokus.dev,pwd123
User4306,user4306@theotokus.dev,pwd123
User4307,user4307@theotokus.dev,pwd123
User4308,user4308@theotokus.dev,pwd123
User4309,user4309@theotokus.dev,pwd123
User4310,user4310@theotokus.dev,pwd123
User4311,user4311@theotokus.dev,pwd123
User4312,user4312@theotokus.dev,pwd123
User4313,user4313@theotokus.dev,pwd123
User4314,user4314@theotokus.dev,pwd123
User4315,user4315@theotokus.dev,pwd123
User4316,user4316@theotokus.dev,pwd123
User4317,user4317@theotokus.dev,pwd123
User4318,user4318@theotokus.dev,pwd123
User4319,user4319@theotokus.dev,pwd123
User4320,user4320@theotokus.dev,pwd123
User4321,user4321@theotokus.dev,pwd123
User4322,user4322@theotokus.dev,pwd123
User4323,user4323@theotokus.dev,pwd123
User4324,user4324@theotokus.dev,pwd123
User4325,user4325@theotokus.dev,pwd123
User4326,user4326@theotokus.dev,pwd123
User4327,user4327@theotokus.dev,pwd123
User4328,user4328@theotokus.dev,pwd123
User4329,user4329@theotokus.dev,pwd123
User4330,user4330@theotokus.dev,pwd123
User4331,user4331@theotokus.dev,pwd123
User4332,user4332@theotokus.dev,pwd123
User4333,user4333@theotokus.dev,pwd123
User4334,user4334@theotokus.dev,pwd123
User4335,user4335@theotokus.dev,pwd123
User4336,user4336@theotokus.dev,pwd123
User4337,user4337@theotokus.dev,pwd123
User4338,user4338@theotokus.dev,pwd123
User4339,user4339@theotokus.dev,pwd123
User4340,user4340@theotokus.dev,pwd123
User4341,user4341@theotokus.dev,pwd123
User4342,user4342@theotokus.dev,pwd123
User4343,user4343@theotokus.dev,pwd123
User4344,user4344@theotokus.dev,pwd123
User4345,user4345@theotokus.dev,pwd123
User4346,user4346@theotokus.dev,pwd123
User4347,user4347@theotokus.dev,pwd123
User4348,user4348@theotokus.dev,pwd123
User4349,user4349@theotokus.dev,pwd123
User4350,user4350@theotokus.dev,pwd123
User4351,user4351@theotokus.dev,pwd123
User4352,user4352@theotokus.dev,pwd123
User4353,user4353@theotokus.dev,pwd123
User4354,user4354@theotokus.dev,pwd123
User4355,user4355@theotokus.dev,pwd123
User4356,user4356@theotokus.dev,pwd123
User4357,user4357@theotokus.dev,pwd123
User4358,user4358@theotokus.dev,pwd123
User4359,user4359@theotokus.dev,pwd123
User4360,user4360@theotokus.dev,pwd123
User4361,user4361@theotokus.dev,pwd123
User4362,user4362@theotokus.dev,pwd123
User4363,user4363@theotokus.dev,pwd123
User4364,user4364@theotokus.dev,pwd123
User4365,user4365@theotokus.dev,pwd123
User4366,user4366@theotokus.dev,pwd123
User4367,user4367@theotokus.dev,pwd123
User4368,user4368@theotokus.dev,pwd123
User4369,user4369@theotokus.dev,pwd123
User4370,user4370@theotokus.dev,pwd123
User4371,user4371@theotokus.dev,pwd123
User4372,user4372@theotokus.dev,pwd123
User4373,user4373@theotokus.dev,pwd123
User4374,user4374@theotokus.dev,pwd123
User4375,user4375@theotokus.dev,pwd123
User4376,user4376@theotokus.dev,pwd123
User4377,user4377@theotokus.dev,pwd123
User4378,user4378@theotokus.dev,pwd123
User4379,user4379@theotokus.dev,pwd123
User4380,user4380@theotokus.dev,pwd123
User4381,user4381@theotokus.dev,pwd123
User4382,user4382@theotokus.dev,pwd123
User4383,user4383@theotokus.dev,pwd123
User4384,user4384@theotokus.dev,pwd123
User4385,user4385@theotokus.dev,pwd123
User4386,user4386@theotokus.dev,pwd123
User4387,user4387@theotokus.dev,pwd123
User4388,user4388@theotokus.dev,pwd123
User4389,user4389@theotokus.dev,pwd123
User4390,user4390@theotokus.dev,pwd123
User4391,user4391@theotokus.dev,pwd123
User4392,user4392@theotokus.dev,pwd123
User4393,user4393@theotokus.dev,pwd123
User4394,user4394@theotokus.dev,pwd123
User4395,user4395@theotokus.dev,pwd123
User4396,user4396@theotokus.dev,pwd123
User4397,user4397@theotokus.dev,pwd123
User4398,user4398@theotokus.dev,pwd123
User4399,user4399@theotokus.dev,pwd123
User4400,user4400@theotokus.dev,pwd123
User4401,user4401@theotokus.dev,pwd123
User4402,user4402@theotokus.dev,pwd123
User4403,user4403@theotokus.dev,pwd123
User4404,user4404@theotokus.dev,pwd123
User4405,user4405@theotokus.dev,pwd123
User4406,user4406@theotokus.dev,pwd123
User4407,user4407@theotokus.dev,pwd123
User4408,user4408@theotokus.dev,pwd123
User4409,user4409@theotokus.dev,pwd123
User4410,user4410@theotokus.dev,pwd123
User4411,user4411@theotokus.dev,pwd123
User4412,user4412@theotokus.dev,pwd123
User4413,user4413@theotokus.dev,pwd123
User4414,user4414@theotokus.dev,pwd123
User4415,user4415@theotokus.dev,pwd123
User4416,user4416@theotokus.dev,pwd123
User4417,user4417@theotokus.dev,pwd123
User4418,user4418@theotokus.dev,pwd123
User4419,user4419@theotokus.dev,pwd123
User4420,user4420@theotokus.dev,pwd123
User4421,user4421@theotokus.dev,pwd123
User4422,user4422@theotokus.dev,pwd123
User4423,user4423@theotokus.dev,pwd123
User4424,user4424@theotokus.dev,pwd123
User4425,user4425@theotokus.dev,pwd123
User4426,user4426@theotokus.dev,pwd123
User4427,user4427@theotokus.dev,pwd123
User4428,user4428@theotokus.dev,pwd123
User4429,user4429@theotokus.dev,pwd123
User4430,user4430@theotokus.dev,pwd123
User4431,user4431@theotokus.dev,pwd123
User4432,user4432@theotokus.dev,pwd123
User4433,user4433@theotokus.dev,pwd123
User4434,user4434@theotokus.dev,pwd123
User4435,user4435@theotokus.dev,pwd123
User4436,user4436@theotokus.dev,pwd123
User4437,user4437@theotokus.dev,pwd123
User4438,user4438@theotokus.dev,pwd123
User4439,user4439@theotokus.dev,pwd123
User4440,user4440@theotokus.dev,pwd123
User4441,user4441@theotokus.dev,pwd123
User4442,user4442@theotokus.dev,pwd123
User4443,user4443@theotokus.dev,pwd123
User4444,user4444@theotokus.dev,pwd123
User4445,user4445@theotokus.dev,pwd123
User4446,user4446@theotokus.dev,pwd123
User4447,user4447@theotokus.dev,pwd123
User4448,user4448@theotokus.dev,pwd123
User4449,user4449@theotokus.dev,pwd123
User4450,user4450@theotokus.dev,pwd123
User4451,user4451@theotokus.dev,pwd123
User4452,user4452@theotokus.dev,pwd123
User4453,user4453@theotokus.dev,pwd123
User4454,user4454@theotokus.dev,pwd123
User4455,user4455@theotokus.dev,pwd123
User4456,user4456@theotokus.dev,pwd123
User4457,user4457@theotokus.dev,pwd123
User4458,user4458@theotokus.dev,pwd123
User4459,user4459@theotokus.dev,pwd123
User4460,user4460@theotokus.dev,pwd123
User4461,user4461@theotokus.dev,pwd123
User4462,user4462@theotokus.dev,pwd123
User4463,user4463@theotokus.dev,pwd123
User4464,user4464@theotokus.dev,pwd123
User4465,user4465@theotokus.dev,pwd123
User4466,user4466@theotokus.dev,pwd123
User4467,user4467@theotokus.dev,pwd123
User4468,user4468@theotokus.dev,pwd123
User4469,user4469@theotokus.dev,pwd123
User4470,user4470@theotokus.dev,pwd123
User4471,user4471@theotokus.dev,pwd123
User4472,user4472@theotokus.dev,pwd123
User4473,user4473@theotokus.dev,pwd123
User4474,user4474@theotokus.dev,pwd123
User4475,user4475@theotokus.dev,pwd123
User4476,user4476@theotokus.dev,pwd123
User4477,user4477@theotokus.dev,pwd123
User4478,user4478@theotokus.dev,pwd123
User4479,user4479@theotokus.dev,pwd123
User4480,user4480@theotokus.dev,pwd123
User4481,user4481@theotokus.dev,pwd123
User4482,user4482@theotokus.dev,pwd123
User4483,user4483@theotokus.dev,pwd123
User4484,user4484@theotokus.dev,pwd123
User4485,user4485@theotokus.dev,pwd123
User4486,user4486@theotokus.dev,pwd123
User4487,user4487@theotokus.dev,pwd123
User4488,user4488@theotokus.dev,pwd123
User4489,user4489@theotokus.dev,pwd123
User4490,user4490@theotokus.dev,pwd123
User4491,user4491@theotokus.dev,pwd123
User4492,user4492@theotokus.dev,pwd123
User4493,user4493@theotokus.dev,pwd123
User4494,user4494@theotokus.dev,pwd123
User4495,user4495@theotokus.dev,pwd123
User4496,user4496@theotokus.dev,pwd123
User4497,user4497@theotokus.dev,pwd123
User4498,user4498@theotokus.dev,pwd123
User4499,user4499@theotokus.dev,pwd123
User4500,user4500@theotokus.dev,pwd123
User4501,user4501@theotokus.dev,pwd123
User4502,user4502@theotokus.dev,pwd123
User4503,user4503@theotokus.dev,pwd123
User4504,user4504@theotokus.dev,pwd123
User4505,user4505@theotokus.dev,pwd123
User4506,user4506@theotokus.dev,pwd123
User4507,user4507@theotokus.dev,pwd123
User4508,user4508@theotokus.dev,pwd123
User4509,user4509@theotokus.dev,pwd123
User4510,user4510@theotokus.dev,pwd123
User4511,user4511@theotokus.dev,pwd123
User4512,user4512@theotokus.dev,pwd123
User4513,user4513@theotokus.dev,pwd123
User4514,user4514@theotokus.dev,pwd123
User4515,user4515@theotokus.dev,pwd123
User4516,user4516@theotokus.dev,pwd123
User4517,user4517@theotokus.dev,pwd123
User4518,user4518@theotokus.dev,pwd123
User4519,user4519@theotokus.dev,pwd123
User4520,user4520@theotokus.dev,pwd123
User4521,user4521@theotokus.dev,pwd123
User4522,user4522@theotokus.dev,pwd123
User4523,user4523@theotokus.dev,pwd123
User4524,user4524@theotokus.dev,pwd123
User4525,user4525@theotokus.dev,pwd123
User4526,user4526@theotokus.dev,pwd123
User4527,user4527@theotokus.dev,pwd123
User4528,user4528@theotokus.dev,pwd123
User4529,user4529@theotokus.dev,pwd123
User4530,user4530@theotokus.dev,pwd123
User4531,user4531@theotokus.dev,pwd123
User4532,user4532@theotokus.dev,pwd123
User4533,user4533@theotokus.dev,pwd123
User4534,user4534@theotokus.dev,pwd123
User4535,user4535@theotokus.dev,pwd123
User4536,user4536@theotokus.dev,pwd123
User4537,user4537@theotokus.dev,pwd123
User4538,user4538@theotokus.dev,pwd123
User4539,user4539@theotokus.dev,pwd123
User4540,user4540@theotokus.dev,pwd123
User4541,user4541@theotokus.dev,pwd123
User4542,user4542@theotokus.dev,pwd123
User4543,user4543@theotokus.dev,pwd123
User4544,user4544@theotokus.dev,pwd123
User4545,user4545@theotokus.dev,pwd123
User4546,user4546@theotokus.dev,pwd123
User4547,user4547@theotokus.dev,pwd123
User4548,user4548@theotokus.dev,pwd123
User4549,user4549@theotokus.dev,pwd123
User4550,user4550@theotokus.dev,pwd123
User4551,user4551@theotokus.dev,pwd123
User4552,user4552@theotokus.dev,pwd123
User4553,user4553@theotokus.dev,pwd123
User4554,user4554@theotokus.dev,pwd123
User4555,user4555@theotokus.dev,pwd123
User4556,user4556@theotokus.dev,pwd123
User4557,user4557@theotokus.dev,pwd123
User4558,user4558@theotokus.dev,pwd123
User4559,user4559@theotokus.dev,pwd123
User4560,user4560@theotokus.dev,pwd123
User4561,user4561@theotokus.dev,pwd123
User4562,user4562@theotokus.dev,pwd123
User4563,user4563@theotokus.dev,pwd123
User4564,user4564@theotokus.dev,pwd123
User4565,user4565@theotokus.dev,pwd123
User4566,user4566@theotokus.dev,pwd123
User4567,user4567@theotokus.dev,pwd123
User4568,user4568@theotokus.dev,pwd123
User4569,user4569@theotokus.dev,pwd123
User4570,user4570@theotokus.dev,pwd123
User4571,user4571@theotokus.dev,pwd123
User4572,user4572@theotokus.dev,pwd123
User4573,user4573@theotokus.dev,pwd123
User4574,user4574@theotokus.dev,pwd123
User4575,user4575@theotokus.dev,pwd123
User4576,user4576@theotokus.dev,pwd123
User4577,user4577@theotokus.dev,pwd123
User4578,user4578@theotokus.dev,pwd123
User4579,user4579@theotokus.dev,pwd123
User4580,user4580@theotokus.dev,pwd123
User4581,user4581@theotokus.dev,pwd123
User4582,user4582@theotokus.dev,pwd123
User4583,user4583@theotokus.dev,pwd123
User4584,user4584@theotokus.dev,pwd123
User4585,user4585@theotokus.dev,pwd123
User4586,user4586@theotokus.dev,pwd123
User4587,user4587@theotokus.dev,pwd123
User4588,user4588@theotokus.dev,pwd123
User4589,user4589@theotokus.dev,pwd123
User4590,user4590@theotokus.dev,pwd123
User4591,user4591@theotokus.dev,pwd123
User4592,user4592@theotokus.dev,pwd123
User4593,user4593@theotokus.dev,pwd123
User4594,user4594@theotokus.dev,pwd123
User4595,user4595@theotokus.dev,pwd123
User4596,user4596@theotokus.dev,pwd123
User4597,user4597@theotokus.dev,pwd123
User4598,user4598@theotokus.dev,pwd123
User4599,user4599@theotokus.dev,pwd123
User4600,user4600@theotokus.dev,pwd123
User4601,user4601@theotokus.dev,pwd123
User4602,user4602@theotokus.dev,pwd123
User4603,user4603@theotokus.dev,pwd123
User4604,user4604@theotokus.dev,pwd123
User4605,user4605@theotokus.dev,pwd123
User4606,user4606@theotokus.dev,pwd123
User4607,user4607@theotokus.dev,pwd123
User4608,user4608@theotokus.dev,pwd123
User4609,user4609@theotokus.dev,pwd123
User4610,user4610@theotokus.dev,pwd123
User4611,user4611@theotokus.dev,pwd123
User4612,user4612@theotokus.dev,pwd123
User4613,user4613@theotokus.dev,pwd123
User4614,user4614@theotokus.dev,pwd123
User4615,user4615@theotokus.dev,pwd123
User4616,user4616@theotokus.dev,pwd123
User4617,user4617@theotokus.dev,pwd123
User4618,user4618@theotokus.dev,pwd123
User4619,user4619@theotokus.dev,pwd123
User4620,user4620@theotokus.dev,pwd123
User4621,user4621@theotokus.dev,pwd123
User4622,user4622@theotokus.dev,pwd123
User4623,user4623@theotokus.dev,pwd123
User4624,user4624@theotokus.dev,pwd123
User4625,user4625@theotokus.dev,pwd123
User4626,user4626@theotokus.dev,pwd123
User4627,user4627@theotokus.dev,pwd123
User4628,user4628@theotokus.dev,pwd123
User4629,user4629@theotokus.dev,pwd123
User4630,user4630@theotokus.dev,pwd123
User4631,user4631@theotokus.dev,pwd123
User4632,user4632@theotokus.dev,pwd123
User4633,user4633@theotokus.dev,pwd123
User4634,user4634@theotokus.dev,pwd123
User4635,user4635@theotokus.dev,pwd123
User4636,user4636@theotokus.dev,pwd123
User4637,user4637@theotokus.dev,pwd123
User4638,user4638@theotokus.dev,pwd123
User4639,user4639@theotokus.dev,pwd123
User4640,user4640@theotokus.dev,pwd123
User4641,user4641@theotokus.dev,pwd123
User4642,user4642@theotokus.dev,pwd123
User4643,user4643@theotokus.dev,pwd123
User4644,user4644@theotokus.dev,pwd123
User4645,user4645@theotokus.dev,pwd123
User4646,user4646@theotokus.dev,pwd123
User4647,user4647@theotokus.dev,pwd123
User4648,user4648@theotokus.dev,pwd123
User4649,user4649@theotokus.dev,pwd123
User4650,user4650@theotokus.dev,pwd123
User4651,user4651@theotokus.dev,pwd123
User4652,user4652@theotokus.dev,pwd123
User4653,user4653@theotokus.dev,pwd123
User4654,user4654@theotokus.dev,pwd123
User4655,user4655@theotokus.dev,pwd123
User4656,user4656@theotokus.dev,pwd123
User4657,user4657@theotokus.dev,pwd123
User4658,user4658@theotokus.dev,pwd123
User4659,user4659@theotokus.dev,pwd123
User4660,user4660@theotokus.dev,pwd123
User4661,user4661@theotokus.dev,pwd123
User4662,user4662@theotokus.dev,pwd123
User4663,user4663@theotokus.dev,pwd123
User4664,user4664@theotokus.dev,pwd123
User4665,user4665@theotokus.dev,pwd123
User4666,user4666@theotokus.dev,pwd123
User4667,user4667@theotokus.dev,pwd123
User4668,user4668@theotokus.dev,pwd123
User4669,user4669@theotokus.dev,pwd123
User4670,user4670@theotokus.dev,pwd123
User4671,user4671@theotokus.dev,pwd123
User4672,user4672@theotokus.dev,pwd123
User4673,user4673@theotokus.dev,pwd123
User4674,user4674@theotokus.dev,pwd123
User4675,user4675@theotokus.dev,pwd123
User4676,user4676@theotokus.dev,pwd123
User4677,user4677@theotokus.dev,pwd123
User4678,user4678@theotokus.dev,pwd123
User4679,user4679@theotokus.dev,pwd123
User4680,user4680@theotokus.dev,pwd123
User4681,user4681@theotokus.dev,pwd123
User4682,user4682@theotokus.dev,pwd123
User4683,user4683@theotokus.dev,pwd123
User4684,user4684@theotokus.dev,pwd123
User4685,user4685@theotokus.dev,pwd123
User4686,user4686@theotokus.dev,pwd123
User4687,user4687@theotokus.dev,pwd123
User4688,user4688@theotokus.dev,pwd123
User4689,user4689@theotokus.dev,pwd123
User4690,user4690@theotokus.dev,pwd123
User4691,user4691@theotokus.dev,pwd123
User4692,user4692@theotokus.dev,pwd123
User4693,user4693@theotokus.dev,pwd123
User4694,user4694@theotokus.dev,pwd123
User4695,user4695@theotokus.dev,pwd123
User4696,user4696@theotokus.dev,pwd123
User4697,user4697@theotokus.dev,pwd123
User4698,user4698@theotokus.dev,pwd123
User4699,user4699@theotokus.dev,pwd123
User4700,user4700@theotokus.dev,pwd123
User4701,user4701@theotokus.dev,pwd123
User4702,user4702@theotokus.dev,pwd123
User4703,user4703@theotokus.dev,pwd123
User4704,user4704@theotokus.dev,pwd123
User4705,user4705@theotokus.dev,pwd123
User4706,user4706@theotokus.dev,pwd123
User4707,user4707@theotokus.dev,pwd123
User4708,user4708@theotokus.dev,pwd123
User4709,user4709@theotokus.dev,pwd123
User4710,user4710@theotokus.dev,pwd123
User4711,user4711@theotokus.dev,pwd123
User4712,user4712@theotokus.dev,pwd123
User4713,user4713@theotokus.dev,pwd123
User4714,user4714@theotokus.dev,pwd123
User4715,user4715@theotokus.dev,pwd123
User4716,user4716@theotokus.dev,pwd123
User4717,user4717@theotokus.dev,pwd123
User4718,user4718@theotokus.dev,pwd123
User4719,user4719@theotokus.dev,pwd123
User4720,user4720@theotokus.dev,pwd123
User4721,user4721@theotokus.dev,pwd123
User4722,user4722@theotokus.dev,pwd123
User4723,user4723@theotokus.dev,pwd123
User4724,user4724@theotokus.dev,pwd123
User4725,user4725@theotokus.dev,pwd123
User4726,user4726@theotokus.dev,pwd123
User4727,user4727@theotokus.dev,pwd123
User4728,user4728@theotokus.dev,pwd123
User4729,user4729@theotokus.dev,pwd123
User4730,user4730@theotokus.dev,pwd123
User4731,user4731@theotokus.dev,pwd123
User4732,user4732@theotokus.dev,pwd123
User4733,user4733@theotokus.dev,pwd123
User4734,user4734@theotokus.dev,pwd123
User4735,user4735@theotokus.dev,pwd123
User4736,user4736@theotokus.dev,pwd123
User4737,user4737@theotokus.dev,pwd123
User4738,user4738@theotokus.dev,pwd123
User4739,user4739@theotokus.dev,pwd123
User4740,user4740@theotokus.dev,pwd123
User4741,user4741@theotokus.dev,pwd123
User4742,user4742@theotokus.dev,pwd123
User4743,user4743@theotokus.dev,pwd123
User4744,user4744@theotokus.dev,pwd123
User4745,user4745@theotokus.dev,pwd123
User4746,user4746@theotokus.dev,pwd123
User4747,user4747@theotokus.dev,pwd123
User4748,user4748@theotokus.dev,pwd123
User4749,user4749@theotokus.dev,pwd123
User4750,user4750@theotokus.dev,pwd123
User4751,user4751@theotokus.dev,pwd123
User4752,user4752@theotokus.dev,pwd123
User4753,user4753@theotokus.dev,pwd123
User4754,user4754@theotokus.dev,pwd123
User4755,user4755@theotokus.dev,pwd123
User4756,user4756@theotokus.dev,pwd123
User4757,user4757@theotokus.dev,pwd123
User4758,user4758@theotokus.dev,pwd123
User4759,user4759@theotokus.dev,pwd123
User4760,user4760@theotokus.dev,pwd123
User4761,user4761@theotokus.dev,pwd123
User4762,user4762@theotokus.dev,pwd123
User4763,user4763@theotokus.dev,pwd123
User4764,user4764@theotokus.dev,pwd123
User4765,user4765@theotokus.dev,pwd123
User4766,user4766@theotokus.dev,pwd123
User4767,user4767@theotokus.dev,pwd123
User4768,user4768@theotokus.dev,pwd123
User4769,user4769@theotokus.dev,pwd123
User4770,user4770@theotokus.dev,pwd123
User4771,user4771@theotokus.dev,pwd123
User4772,user4772@theotokus.dev,pwd123
User4773,user4773@theotokus.dev,pwd123
User4774,user4774@theotokus.dev,pwd123
User4775,user4775@theotokus.dev,pwd123
User4776,user4776@theotokus.dev,pwd123
User4777,user4777@theotokus.dev,pwd123
User4778,user4778@theotokus.dev,pwd123
User4779,user4779@theotokus.dev,pwd123
User4780,user4780@theotokus.dev,pwd123
User4781,user4781@theotokus.dev,pwd123
User4782,user4782@theotokus.dev,pwd123
User4783,user4783@theotokus.dev,pwd123
User4784,user4784@theotokus.dev,pwd123
User4785,user4785@theotokus.dev,pwd123
User4786,user4786@theotokus.dev,pwd123
User4787,user4787@theotokus.dev,pwd123
User4788,user4788@theotokus.dev,pwd123
User4789,user4789@theotokus.dev,pwd123
User4790,user4790@theotokus.dev,pwd123
User4791,user4791@theotokus.dev,pwd123
User4792,user4792@theotokus.dev,pwd123
User4793,user4793@theotokus.dev,pwd123
User4794,user4794@theotokus.dev,pwd123
User4795,user4795@theotokus.dev,pwd123
User4796,user4796@theotokus.dev,pwd123
User4797,user4797@theotokus.dev,pwd123
User4798,user4798@theotokus.dev,pwd123
User4799,user4799@theotokus.dev,pwd123
User4800,user4800@theotokus.dev,pwd123
User4801,user4801@theotokus.dev,pwd123
User4802,user4802@theotokus.dev,pwd123
User4803,user4803@theotokus.dev,pwd123
User4804,user4804@theotokus.dev,pwd123
User4805,user4805@theotokus.dev,pwd123
User4806,user4806@theotokus.dev,pwd123
User4807,user4807@theotokus.dev,pwd123
User4808,user4808@theotokus.dev,pwd123
User4809,user4809@theotokus.dev,pwd123
User4810,user4810@theotokus.dev,pwd123
User4811,user4811@theotokus.dev,pwd123
User4812,user4812@theotokus.dev,pwd123
User4813,user4813@theotokus.dev,pwd123
User4814,user4814@theotokus.dev,pwd123
User4815,user4815@theotokus.dev,pwd123
User4816,user4816@theotokus.dev,pwd123
User4817,user4817@theotokus.dev,pwd123
User4818,user4818@theotokus.dev,pwd123
User4819,user4819@theotokus.dev,pwd123
User4820,user4820@theotokus.dev,pwd123
User4821,user4821@theotokus.dev,pwd123
User4822,user4822@theotokus.dev,pwd123
User4823,user4823@theotokus.dev,pwd123
User4824,user4824@theotokus.dev,pwd123
User4825,user4825@theotokus.dev,pwd123
User4826,user4826@theotokus.dev,pwd123
User4827,user4827@theotokus.dev,pwd123
User4828,user4828@theotokus.dev,pwd123
User4829,user4829@theotokus.dev,pwd123
User4830,user4830@theotokus.dev,pwd123
User4831,user4831@theotokus.dev,pwd123
User4832,user4832@theotokus.dev,pwd123
User4833,user4833@theotokus.dev,pwd123
User4834,user4834@theotokus.dev,pwd123
User4835,user4835@theotokus.dev,pwd123
User4836,user4836@theotokus.dev,pwd123
User4837,user4837@theotokus.dev,pwd123
User4838,user4838@theotokus.dev,pwd123
User4839,user4839@theotokus.dev,pwd123
User4840,user4840@theotokus.dev,pwd123
User4841,user4841@theotokus.dev,pwd123
User4842,user4842@theotokus.dev,pwd123
User4843,user4843@theotokus.dev,pwd123
User4844,user4844@theotokus.dev,pwd123
User4845,user4845@theotokus.dev,pwd123
User4846,user4846@theotokus.dev,pwd123
User4847,user4847@theotokus.dev,pwd123
User4848,user4848@theotokus.dev,pwd123
User4849,user4849@theotokus.dev,pwd123
User4850,user4850@theotokus.dev,pwd123
User4851,user4851@theotokus.dev,pwd123
User4852,user4852@theotokus.dev,pwd123
User4853,user4853@theotokus.dev,pwd123
User4854,user4854@theotokus.dev,pwd123
User4855,user4855@theotokus.dev,pwd123
User4856,user4856@theotokus.dev,pwd123
User4857,user4857@theotokus.dev,pwd123
User4858,user4858@theotokus.dev,pwd123
User4859,user4859@theotokus.dev,pwd123
User4860,user4860@theotokus.dev,pwd123
User4861,user4861@theotokus.dev,pwd123
User4862,user4862@theotokus.dev,pwd123
User4863,user4863@theotokus.dev,pwd123
User4864,user4864@theotokus.dev,pwd123
User4865,user4865@theotokus.dev,pwd123
User4866,user4866@theotokus.dev,pwd123
User4867,user4867@theotokus.dev,pwd123
User4868,user4868@theotokus.dev,pwd123
User4869,user4869@theotokus.dev,pwd123
User4870,user4870@theotokus.dev,pwd123
User4871,user4871@theotokus.dev,pwd123
User4872,user4872@theotokus.dev,pwd123
User4873,user4873@theotokus.dev,pwd123
User4874,user4874@theotokus.dev,pwd123
User4875,user4875@theotokus.dev,pwd123
User4876,user4876@theotokus.dev,pwd123
User4877,user4877@theotokus.dev,pwd123
User4878,user4878@theotokus.dev,pwd123
User4879,user4879@theotokus.dev,pwd123
User4880,user4880@theotokus.dev,pwd123
User4881,user4881@theotokus.dev,pwd123
User4882,user4882@theotokus.dev,pwd123
User4883,user4883@theotokus.dev,pwd123
User4884,user4884@theotokus.dev,pwd123
User4885,user4885@theotokus.dev,pwd123
User4886,user4886@theotokus.dev,pwd123
User4887,user4887@theotokus.dev,pwd123
User4888,user4888@theotokus.dev,pwd123
User4889,user4889@theotokus.dev,pwd123
User4890,user4890@theotokus.dev,pwd123
User4891,user4891@theotokus.dev,pwd123
User4892,user4892@theotokus.dev,pwd123
User4893,user4893@theotokus.dev,pwd123
User4894,user4894@theotokus.dev,pwd123
User4895,user4895@theotokus.dev,pwd123
User4896,user4896@theotokus.dev,pwd123
User4897,user4897@theotokus.dev,pwd123
User4898,user4898@theotokus.dev,pwd123
User4899,user4899@theotokus.dev,pwd123
User4900,user4900@theotokus.dev,pwd123
User4901,user4901@theotokus.dev,pwd123
User4902,user4902@theotokus.dev,pwd123
User4903,user4903@theotokus.dev,pwd123
User4904,user4904@theotokus.dev,pwd123
User4905,user4905@theotokus.dev,pwd123
User4906,user4906@theotokus.dev,pwd123
User4907,user4907@theotokus.dev,pwd123
User4908,user4908@theotokus.dev,pwd123
User4909,user4909@theotokus.dev,pwd123
User4910,user4910@theotokus.dev,pwd123
User4911,user4911@theotokus.dev,pwd123
User4912,user4912@theotokus.dev,pwd123
User4913,user4913@theotokus.dev,pwd123
User4914,user4914@theotokus.dev,pwd123
User4915,user4915@theotokus.dev,pwd123
User4916,user4916@theotokus.dev,pwd123
User4917,user4917@theotokus.dev,pwd123
User4918,user4918@theotokus.dev,pwd123
User4919,user4919@theotokus.dev,pwd123
User4920,user4920@theotokus.dev,pwd123
User4921,user4921@theotokus.dev,pwd123
User4922,user4922@theotokus.dev,pwd123
User4923,user4923@theotokus.dev,pwd123
User4924,user4924@theotokus.dev,pwd123
User4925,user4925@theotokus.dev,pwd123
User4926,user4926@theotokus.dev,pwd123
User4927,user4927@theotokus.dev,pwd123
User4928,user4928@theotokus.dev,pwd123
User4929,user4929@theotokus.dev,pwd123
User4930,user4930@theotokus.dev,pwd123
User4931,user4931@theotokus.dev,pwd123
User4932,user4932@theotokus.dev,pwd123
User4933,user4933@theotokus.dev,pwd123
User4934,user4934@theotokus.dev,pwd123
User4935,user4935@theotokus.dev,pwd123
User4936,user4936@theotokus.dev,pwd123
User4937,user4937@theotokus.dev,pwd123
User4938,user4938@theotokus.dev,pwd123
User4939,user4939@theotokus.dev,pwd123
User4940,user4940@theotokus.dev,pwd123
User4941,user4941@theotokus.dev,pwd123
User4942,user4942@theotokus.dev,pwd123
User4943,user4943@theotokus.dev,pwd123
User4944,user4944@theotokus.dev,pwd123
User4945,user4945@theotokus.dev,pwd123
User4946,user4946@theotokus.dev,pwd123
User4947,user4947@theotokus.dev,pwd123
User4948,user4948@theotokus.dev,pwd123
User4949,user4949@theotokus.dev,pwd123
User4950,user4950@theotokus.dev,pwd123
User4951,user4951@theotokus.dev,pwd123
User4952,user4952@theotokus.dev,pwd123
User4953,user4953@theotokus.dev,pwd123
User4954,user4954@theotokus.dev,pwd123
User4955,user4955@theotokus.dev,pwd123
User4956,user4956@theotokus.dev,pwd123
User4957,user4957@theotokus.dev,pwd123
User4958,user4958@theotokus.dev,pwd123
User4959,user4959@theotokus.dev,pwd123
User4960,user4960@theotokus.dev,pwd123
User4961,user4961@theotokus.dev,pwd123
User4962,user4962@theotokus.dev,pwd123
User4963,user4963@theotokus.dev,pwd123
User4964,user4964@theotokus.dev,pwd123
User4965,user4965@theotokus.dev,pwd123
User4966,user4966@theotokus.dev,pwd123
User4967,user4967@theotokus.dev,pwd123
User4968,user4968@theotokus.dev,pwd123
User4969,user4969@theotokus.dev,pwd123
User4970,user4970@theotokus.dev,pwd123
User4971,user4971@theotokus.dev,pwd123
User4972,user4972@theotokus.dev,pwd123
User4973,user4973@theotokus.dev,pwd123
User4974,user4974@theotokus.dev,pwd123
User4975,user4975@theotokus.dev,pwd123
User4976,user4976@theotokus.dev,pwd123
User4977,user4977@theotokus.dev,pwd123
User4978,user4978@theotokus.dev,pwd123
User4979,user4979@theotokus.dev,pwd123
User4980,user4980@theotokus.dev,pwd123
User4981,user4981@theotokus.dev,pwd123
User4982,user4982@theotokus.dev,pwd123
User4983,user4983@theotokus.dev,pwd123
User4984,user4984@theotokus.dev,pwd123
User4985,user4985@theotokus.dev,pwd123
User4986,user4986@theotokus.dev,pwd123
User4987,user4987@theotokus.dev,pwd123
User4988,user4988@theotokus.dev,pwd123
User4989,user4989@theotokus.dev,pwd123
User4990,user4990@theotokus.dev,pwd123
User4991,user4991@theotokus.dev,pwd123
User4992,user4992@theotokus.dev,pwd123
User4993,user4993@theotokus.dev,pwd123
User4994,user4994@theotokus.dev,pwd123
User4995,user4995@theotokus.dev,pwd123
User4996,user4996@theotokus.dev,pwd123
User4997,user4997@theotokus.dev,pwd123
User4998,user4998@theotokus.dev,pwd123
User4999,user4999@theotokus.dev,pwd123
User5000,user5000@theotokus.dev,pwd123
User5001,user5001@theotokus.dev,pwd123
User5002,user5002@theotokus.dev,pwd123
User5003,user5003@theotokus.dev,pwd123
User5004,user5004@theotokus.dev,pwd123
User5005,user5005@theotokus.dev,pwd123
User5006,user5006@theotokus.dev,pwd123
User5007,user5007@theotokus.dev,pwd123
User5008,user5008@theotokus.dev,pwd123
User5009,user5009@theotokus.dev,pwd123
User5010,user5010@theotokus.dev,pwd123
User5011,user5011@theotokus.dev,pwd123
User5012,user5012@theotokus.dev,pwd123
User5013,user5013@theotokus.dev,pwd123
User5014,user5014@theotokus.dev,pwd123
User5015,user5015@theotokus.dev,pwd123
User5016,user5016@theotokus.dev,pwd123
User5017,user5017@theotokus.dev,pwd123
User5018,user5018@theotokus.dev,pwd123
User5019,user5019@theotokus.dev,pwd123
User5020,user5020@theotokus.dev,pwd123
User5021,user5021@theotokus.dev,pwd123
User5022,user5022@theotokus.dev,pwd123
User5023,user5023@theotokus.dev,pwd123
User5024,user5024@theotokus.dev,pwd123
User5025,user5025@theotokus.dev,pwd123
User5026,user5026@theotokus.dev,pwd123
User5027,user5027@theotokus.dev,pwd123
User5028,user5028@theotokus.dev,pwd123
User5029,user5029@theotokus.dev,pwd123
User5030,user5030@theotokus.dev,pwd123
User5031,user5031@theotokus.dev,pwd123
User5032,user5032@theotokus.dev,pwd123
User5033,user5033@theotokus.dev,pwd123
User5034,user5034@theotokus.dev,pwd123
User5035,user5035@theotokus.dev,pwd123
User5036,user5036@theotokus.dev,pwd123
User5037,user5037@theotokus.dev,pwd123
User5038,user5038@theotokus.dev,pwd123
User5039,user5039@theotokus.dev,pwd123
User5040,user5040@theotokus.dev,pwd123
User5041,user5041@theotokus.dev,pwd123
User5042,user5042@theotokus.dev,pwd123
User5043,user5043@theotokus.dev,pwd123
User5044,user5044@theotokus.dev,pwd123
User5045,user5045@theotokus.dev,pwd123
User5046,user5046@theotokus.dev,pwd123
User5047,user5047@theotokus.dev,pwd123
User5048,user5048@theotokus.dev,pwd123
User5049,user5049@theotokus.dev,pwd123
User5050,user5050@theotokus.dev,pwd123
User5051,user5051@theotokus.dev,pwd123
User5052,user5052@theotokus.dev,pwd123
User5053,user5053@theotokus.dev,pwd123
User5054,user5054@theotokus.dev,pwd123
User5055,user5055@theotokus.dev,pwd123
User5056,user5056@theotokus.dev,pwd123
User5057,user5057@theotokus.dev,pwd123
User5058,user5058@theotokus.dev,pwd123
User5059,user5059@theotokus.dev,pwd123
User5060,user5060@theotokus.dev,pwd123
User5061,user5061@theotokus.dev,pwd123
User5062,user5062@theotokus.dev,pwd123
User5063,user5063@theotokus.dev,pwd123
User5064,user5064@theotokus.dev,pwd123
User5065,user5065@theotokus.dev,pwd123
User5066,user5066@theotokus.dev,pwd123
User5067,user5067@theotokus.dev,pwd123
User5068,user5068@theotokus.dev,pwd123
User5069,user5069@theotokus.dev,pwd123
User5070,user5070@theotokus.dev,pwd123
User5071,user5071@theotokus.dev,pwd123
User5072,user5072@theotokus.dev,pwd123
User5073,user5073@theotokus.dev,pwd123
User5074,user5074@theotokus.dev,pwd123
User5075,user5075@theotokus.dev,pwd123
User5076,user5076@theotokus.dev,pwd123
User5077,user5077@theotokus.dev,pwd123
User5078,user5078@theotokus.dev,pwd123
User5079,user5079@theotokus.dev,pwd123
User5080,user5080@theotokus.dev,pwd123
User5081,user5081@theotokus.dev,pwd123
User5082,user5082@theotokus.dev,pwd123
User5083,user5083@theotokus.dev,pwd123
User5084,user5084@theotokus.dev,pwd123
User5085,user5085@theotokus.dev,pwd123
User5086,user5086@theotokus.dev,pwd123
User5087,user5087@theotokus.dev,pwd123
User5088,user5088@theotokus.dev,pwd123
User5089,user5089@theotokus.dev,pwd123
User5090,user5090@theotokus.dev,pwd123
User5091,user5091@theotokus.dev,pwd123
User5092,user5092@theotokus.dev,pwd123
User5093,user5093@theotokus.dev,pwd123
User5094,user5094@theotokus.dev,pwd123
User5095,user5095@theotokus.dev,pwd123
User5096,user5096@theotokus.dev,pwd123
User5097,user5097@theotokus.dev,pwd123
User5098,user5098@theotokus.dev,pwd123
User5099,user5099@theotokus.dev,pwd123
User5100,user5100@theotokus.dev,pwd123
User5101,user5101@theotokus.dev,pwd123
User5102,user5102@theotokus.dev,pwd123
User5103,user5103@theotokus.dev,pwd123
User5104,user5104@theotokus.dev,pwd123
User5105,user5105@theotokus.dev,pwd123
User5106,user5106@theotokus.dev,pwd123
User5107,user5107@theotokus.dev,pwd123
User5108,user5108@theotokus.dev,pwd123
User5109,user5109@theotokus.dev,pwd123
User5110,user5110@theotokus.dev,pwd123
User5111,user5111@theotokus.dev,pwd123
User5112,user5112@theotokus.dev,pwd123
User5113,user5113@theotokus.dev,pwd123
User5114,user5114@theotokus.dev,pwd123
User5115,user5115@theotokus.dev,pwd123
User5116,user5116@theotokus.dev,pwd123
User5117,user5117@theotokus.dev,pwd123
User5118,user5118@theotokus.dev,pwd123
User5119,user5119@theotokus.dev,pwd123
User5120,user5120@theotokus.dev,pwd123
User5121,user5121@theotokus.dev,pwd123
User5122,user5122@theotokus.dev,pwd123
User5123,user5123@theotokus.dev,pwd123
User5124,user5124@theotokus.dev,pwd123
User5125,user5125@theotokus.dev,pwd123
User5126,user5126@theotokus.dev,pwd123
User5127,user5127@theotokus.dev,pwd123
User5128,user5128@theotokus.dev,pwd123
User5129,user5129@theotokus.dev,pwd123
User5130,user5130@theotokus.dev,pwd123
User5131,user5131@theotokus.dev,pwd123
User5132,user5132@theotokus.dev,pwd123
User5133,user5133@theotokus.dev,pwd123
User5134,user5134@theotokus.dev,pwd123
User5135,user5135@theotokus.dev,pwd123
User5136,user5136@theotokus.dev,pwd123
User5137,user5137@theotokus.dev,pwd123
User5138,user5138@theotokus.dev,pwd123
User5139,user5139@theotokus.dev,pwd123
User5140,user5140@theotokus.dev,pwd123
User5141,user5141@theotokus.dev,pwd123
User5142,user5142@theotokus.dev,pwd123
User5143,user5143@theotokus.dev,pwd123
User5144,user5144@theotokus.dev,pwd123
User5145,user5145@theotokus.dev,pwd123
User5146,user5146@theotokus.dev,pwd123
User5147,user5147@theotokus.dev,pwd123
User5148,user5148@theotokus.dev,pwd123
User5149,user5149@theotokus.dev,pwd123
User5150,user5150@theotokus.dev,pwd123
User5151,user5151@theotokus.dev,pwd123
User5152,user5152@theotokus.dev,pwd123
User5153,user5153@theotokus.dev,pwd123
User5154,user5154@theotokus.dev,pwd123
User5155,user5155@theotokus.dev,pwd123
User5156,user5156@theotokus.dev,pwd123
User5157,user5157@theotokus.dev,pwd123
User5158,user5158@theotokus.dev,pwd123
User5159,user5159@theotokus.dev,pwd123
User5160,user5160@theotokus.dev,pwd123
User5161,user5161@theotokus.dev,pwd123
User5162,user5162@theotokus.dev,pwd123
User5163,user5163@theotokus.dev,pwd123
User5164,user5164@theotokus.dev,pwd123
User5165,user5165@theotokus.dev,pwd123
User5166,user5166@theotokus.dev,pwd123
User5167,user5167@theotokus.dev,pwd123
User5168,user5168@theotokus.dev,pwd123
User5169,user5169@theotokus.dev,pwd123
User5170,user5170@theotokus.dev,pwd123
User5171,user5171@theotokus.dev,pwd123
User5172,user5172@theotokus.dev,pwd123
User5173,user5173@theotokus.dev,pwd123
User5174,user5174@theotokus.dev,pwd123
User5175,user5175@theotokus.dev,pwd123
User5176,user5176@theotokus.dev,pwd123
User5177,user5177@theotokus.dev,pwd123
User5178,user5178@theotokus.dev,pwd123
User5179,user5179@theotokus.dev,pwd123
User5180,user5180@theotokus.dev,pwd123
User5181,user5181@theotokus.dev,pwd123
User5182,user5182@theotokus.dev,pwd123
User5183,user5183@theotokus.dev,pwd123
User5184,user5184@theotokus.dev,pwd123
User5185,user5185@theotokus.dev,pwd123
User5186,user5186@theotokus.dev,pwd123
User5187,user5187@theotokus.dev,pwd123
User5188,user5188@theotokus.dev,pwd123
User5189,user5189@theotokus.dev,pwd123
User5190,user5190@theotokus.dev,pwd123
User5191,user5191@theotokus.dev,pwd123
User5192,user5192@theotokus.dev,pwd123
User5193,user5193@theotokus.dev,pwd123
User5194,user5194@theotokus.dev,pwd123
User5195,user5195@theotokus.dev,pwd123
User5196,user5196@theotokus.dev,pwd123
User5197,user5197@theotokus.dev,pwd123
User5198,user5198@theotokus.dev,pwd123
User5199,user5199@theotokus.dev,pwd123
User5200,user5200@theotokus.dev,pwd123
User5201,user5201@theotokus.dev,pwd123
User5202,user5202@theotokus.dev,pwd123
User5203,user5203@theotokus.dev,pwd123
User5204,user5204@theotokus.dev,pwd123
User5205,user5205@theotokus.dev,pwd123
User5206,user5206@theotokus.dev,pwd123
User5207,user5207@theotokus.dev,pwd123
User5208,user5208@theotokus.dev,pwd123
User5209,user5209@theotokus.dev,pwd123
User5210,user5210@theotokus.dev,pwd123
User5211,user5211@theotokus.dev,pwd123
User5212,user5212@theotokus.dev,pwd123
User5213,user5213@theotokus.dev,pwd123
User5214,user5214@theotokus.dev,pwd123
User5215,user5215@theotokus.dev,pwd123
User5216,user5216@theotokus.dev,pwd123
User5217,user5217@theotokus.dev,pwd123
User5218,user5218@theotokus.dev,pwd123
User5219,user5219@theotokus.dev,pwd123
User5220,user5220@theotokus.dev,pwd123
User5221,user5221@theotokus.dev,pwd123
User5222,user5222@theotokus.dev,pwd123
User5223,user5223@theotokus.dev,pwd123
User5224,user5224@theotokus.dev,pwd123
User5225,user5225@theotokus.dev,pwd123
User5226,user5226@theotokus.dev,pwd123
User5227,user5227@theotokus.dev,pwd123
User5228,user5228@theotokus.dev,pwd123
User5229,user5229@theotokus.dev,pwd123
User5230,user5230@theotokus.dev,pwd123
User5231,user5231@theotokus.dev,pwd123
User5232,user5232@theotokus.dev,pwd123
User5233,user5233@theotokus.dev,pwd123
User5234,user5234@theotokus.dev,pwd123
User5235,user5235@theotokus.dev,pwd123
User5236,user5236@theotokus.dev,pwd123
User5237,user5237@theotokus.dev,pwd123
User5238,user5238@theotokus.dev,pwd123
User5239,user5239@theotokus.dev,pwd123
User5240,user5240@theotokus.dev,pwd123
User5241,user5241@theotokus.dev,pwd123
User5242,user5242@theotokus.dev,pwd123
User5243,user5243@theotokus.dev,pwd123
User5244,user5244@theotokus.dev,pwd123
User5245,user5245@theotokus.dev,pwd123
User5246,user5246@theotokus.dev,pwd123
User5247,user5247@theotokus.dev,pwd123
User5248,user5248@theotokus.dev,pwd123
User5249,user5249@theotokus.dev,pwd123
User5250,user5250@theotokus.dev,pwd123
User5251,user5251@theotokus.dev,pwd123
User5252,user5252@theotokus.dev,pwd123
User5253,user5253@theotokus.dev,pwd123
User5254,user5254@theotokus.dev,pwd123
User5255,user5255@theotokus.dev,pwd123
User5256,user5256@theotokus.dev,pwd123
User5257,user5257@theotokus.dev,pwd123
User5258,user5258@theotokus.dev,pwd123
User5259,user5259@theotokus.dev,pwd123
User5260,user5260@theotokus.dev,pwd123
User5261,user5261@theotokus.dev,pwd123
User5262,user5262@theotokus.dev,pwd123
User5263,user5263@theotokus.dev,pwd123
User5264,user5264@theotokus.dev,pwd123
User5265,user5265@theotokus.dev,pwd123
User5266,user5266@theotokus.dev,pwd123
User5267,user5267@theotokus.dev,pwd123
User5268,user5268@theotokus.dev,pwd123
User5269,user5269@theotokus.dev,pwd123
User5270,user5270@theotokus.dev,pwd123
User5271,user5271@theotokus.dev,pwd123
User5272,user5272@theotokus.dev,pwd123
User5273,user5273@theotokus.dev,pwd123
User5274,user5274@theotokus.dev,pwd123
User5275,user5275@theotokus.dev,pwd123
User5276,user5276@theotokus.dev,pwd123
User5277,user5277@theotokus.dev,pwd123
User5278,user5278@theotokus.dev,pwd123
User5279,user5279@theotokus.dev,pwd123
User5280,user5280@theotokus.dev,pwd123
User5281,user5281@theotokus.dev,pwd123
User5282,user5282@theotokus.dev,pwd123
User5283,user5283@theotokus.dev,pwd123
User5284,user5284@theotokus.dev,pwd123
User5285,user5285@theotokus.dev,pwd123
User5286,user5286@theotokus.dev,pwd123
User5287,user5287@theotokus.dev,pwd123
User5288,user5288@theotokus.dev,pwd123
User5289,user5289@theotokus.dev,pwd123
User5290,user5290@theotokus.dev,pwd123
User5291,user5291@theotokus.dev,pwd123
User5292,user5292@theotokus.dev,pwd123
User5293,user5293@theotokus.dev,pwd123
User5294,user5294@theotokus.dev,pwd123
User5295,user5295@theotokus.dev,pwd123
User5296,user5296@theotokus.dev,pwd123
User5297,user5297@theotokus.dev,pwd123
User5298,user5298@theotokus.dev,pwd123
User5299,user5299@theotokus.dev,pwd123
User5300,user5300@theotokus.dev,pwd123
User5301,user5301@theotokus.dev,pwd123
User5302,user5302@theotokus.dev,pwd123
User5303,user5303@theotokus.dev,pwd123
User5304,user5304@theotokus.dev,pwd123
User5305,user5305@theotokus.dev,pwd123
User5306,user5306@theotokus.dev,pwd123
User5307,user5307@theotokus.dev,pwd123
User5308,user5308@theotokus.dev,pwd123
User5309,user5309@theotokus.dev,pwd123
User5310,user5310@theotokus.dev,pwd123
User5311,user5311@theotokus.dev,pwd123
User5312,user5312@theotokus.dev,pwd123
User5313,user5313@theotokus.dev,pwd123
User5314,user5314@theotokus.dev,pwd123
User5315,user5315@theotokus.dev,pwd123
User5316,user5316@theotokus.dev,pwd123
User5317,user5317@theotokus.dev,pwd123
User5318,user5318@theotokus.dev,pwd123
User5319,user5319@theotokus.dev,pwd123
User5320,user5320@theotokus.dev,pwd123
User5321,user5321@theotokus.dev,pwd123
User5322,user5322@theotokus.dev,pwd123
User5323,user5323@theotokus.dev,pwd123
User5324,user5324@theotokus.dev,pwd123
User5325,user5325@theotokus.dev,pwd123
User5326,user5326@theotokus.dev,pwd123
User5327,user5327@theotokus.dev,pwd123
User5328,user5328@theotokus.dev,pwd123
User5329,user5329@theotokus.dev,pwd123
User5330,user5330@theotokus.dev,pwd123
User5331,user5331@theotokus.dev,pwd123
User5332,user5332@theotokus.dev,pwd123
User5333,user5333@theotokus.dev,pwd123
User5334,user5334@theotokus.dev,pwd123
User5335,user5335@theotokus.dev,pwd123
User5336,user5336@theotokus.dev,pwd123
User5337,user5337@theotokus.dev,pwd123
User5338,user5338@theotokus.dev,pwd123
User5339,user5339@theotokus.dev,pwd123
User5340,user5340@theotokus.dev,pwd123
User5341,user5341@theotokus.dev,pwd123
User5342,user5342@theotokus.dev,pwd123
User5343,user5343@theotokus.dev,pwd123
User5344,user5344@theotokus.dev,pwd123
User5345,user5345@theotokus.dev,pwd123
User5346,user5346@theotokus.dev,pwd123
User5347,user5347@theotokus.dev,pwd123
User5348,user5348@theotokus.dev,pwd123
User5349,user5349@theotokus.dev,pwd123
User5350,user5350@theotokus.dev,pwd123
User5351,user5351@theotokus.dev,pwd123
User5352,user5352@theotokus.dev,pwd123
User5353,user5353@theotokus.dev,pwd123
User5354,user5354@theotokus.dev,pwd123
User5355,user5355@theotokus.dev,pwd123
User5356,user5356@theotokus.dev,pwd123
User5357,user5357@theotokus.dev,pwd123
User5358,user5358@theotokus.dev,pwd123
User5359,user5359@theotokus.dev,pwd123
User5360,user5360@theotokus.dev,pwd123
User5361,user5361@theotokus.dev,pwd123
User5362,user5362@theotokus.dev,pwd123
User5363,user5363@theotokus.dev,pwd123
User5364,user5364@theotokus.dev,pwd123
User5365,user5365@theotokus.dev,pwd123
User5366,user5366@theotokus.dev,pwd123
User5367,user5367@theotokus.dev,pwd123
User5368,user5368@theotokus.dev,pwd123
User5369,user5369@theotokus.dev,pwd123
User5370,user5370@theotokus.dev,pwd123
User5371,user5371@theotokus.dev,pwd123
User5372,user5372@theotokus.dev,pwd123
User5373,user5373@theotokus.dev,pwd123
User5374,user5374@theotokus.dev,pwd123
User5375,user5375@theotokus.dev,pwd123
User5376,user5376@theotokus.dev,pwd123
User5377,user5377@theotokus.dev,pwd123
User5378,user5378@theotokus.dev,pwd123
User5379,user5379@theotokus.dev,pwd123
User5380,user5380@theotokus.dev,pwd123
User5381,user5381@theotokus.dev,pwd123
User5382,user5382@theotokus.dev,pwd123
User5383,user5383@theotokus.dev,pwd123
User5384,user5384@theotokus.dev,pwd123
User5385,user5385@theotokus.dev,pwd123
User5386,user5386@theotokus.dev,pwd123
User5387,user5387@theotokus.dev,pwd123
User5388,user5388@theotokus.dev,pwd123
User5389,user5389@theotokus.dev,pwd123
User5390,user5390@theotokus.dev,pwd123
User5391,user5391@theotokus.dev,pwd123
User5392,user5392@theotokus.dev,pwd123
User5393,user5393@theotokus.dev,pwd123
User5394,user5394@theotokus.dev,pwd123
User5395,user5395@theotokus.dev,pwd123
User5396,user5396@theotokus.dev,pwd123
User5397,user5397@theotokus.dev,pwd123
User5398,user5398@theotokus.dev,pwd123
User5399,user5399@theotokus.dev,pwd123
User5400,user5400@theotokus.dev,pwd123
User5401,user5401@theotokus.dev,pwd123
User5402,user5402@theotokus.dev,pwd123
User5403,user5403@theotokus.dev,pwd123
User5404,user5404@theotokus.dev,pwd123
User5405,user5405@theotokus.dev,pwd123
User5406,user5406@theotokus.dev,pwd123
User5407,user5407@theotokus.dev,pwd123
User5408,user5408@theotokus.dev,pwd123
User5409,user5409@theotokus.dev,pwd123
User5410,user5410@theotokus.dev,pwd123
User5411,user5411@theotokus.dev,pwd123
User5412,user5412@theotokus.dev,pwd123
User5413,user5413@theotokus.dev,pwd123
User5414,user5414@theotokus.dev,pwd123
User5415,user5415@theotokus.dev,pwd123
User5416,user5416@theotokus.dev,pwd123
User5417,user5417@theotokus.dev,pwd123
User5418,user5418@theotokus.dev,pwd123
User5419,user5419@theotokus.dev,pwd123
User5420,user5420@theotokus.dev,pwd123
User5421,user5421@theotokus.dev,pwd123
User5422,user5422@theotokus.dev,pwd123
User5423,user5423@theotokus.dev,pwd123
User5424,user5424@theotokus.dev,pwd123
User5425,user5425@theotokus.dev,pwd123
User5426,user5426@theotokus.dev,pwd123
User5427,user5427@theotokus.dev,pwd123
User5428,user5428@theotokus.dev,pwd123
User5429,user5429@theotokus.dev,pwd123
User5430,user5430@theotokus.dev,pwd123
User5431,user5431@theotokus.dev,pwd123
User5432,user5432@theotokus.dev,pwd123
User5433,user5433@theotokus.dev,pwd123
User5434,user5434@theotokus.dev,pwd123
User5435,user5435@theotokus.dev,pwd123
User5436,user5436@theotokus.dev,pwd123
User5437,user5437@theotokus.dev,pwd123
User5438,user5438@theotokus.dev,pwd123
User5439,user5439@theotokus.dev,pwd123
User5440,user5440@theotokus.dev,pwd123
User5441,user5441@theotokus.dev,pwd123
User5442,user5442@theotokus.dev,pwd123
User5443,user5443@theotokus.dev,pwd123
User5444,user5444@theotokus.dev,pwd123
User5445,user5445@theotokus.dev,pwd123
User5446,user5446@theotokus.dev,pwd123
User5447,user5447@theotokus.dev,pwd123
User5448,user5448@theotokus.dev,pwd123
User5449,user5449@theotokus.dev,pwd123
User5450,user5450@theotokus.dev,pwd123
User5451,user5451@theotokus.dev,pwd123
User5452,user5452@theotokus.dev,pwd123
User5453,user5453@theotokus.dev,pwd123
User5454,user5454@theotokus.dev,pwd123
User5455,user5455@theotokus.dev,pwd123
User5456,user5456@theotokus.dev,pwd123
User5457,user5457@theotokus.dev,pwd123
User5458,user5458@theotokus.dev,pwd123
User5459,user5459@theotokus.dev,pwd123
User5460,user5460@theotokus.dev,pwd123
User5461,user5461@theotokus.dev,pwd123
User5462,user5462@theotokus.dev,pwd123
User5463,user5463@theotokus.dev,pwd123
User5464,user5464@theotokus.dev,pwd123
User5465,user5465@theotokus.dev,pwd123
User5466,user5466@theotokus.dev,pwd123
User5467,user5467@theotokus.dev,pwd123
User5468,user5468@theotokus.dev,pwd123
User5469,user5469@theotokus.dev,pwd123
User5470,user5470@theotokus.dev,pwd123
User5471,user5471@theotokus.dev,pwd123
User5472,user5472@theotokus.dev,pwd123
User5473,user5473@theotokus.dev,pwd123
User5474,user5474@theotokus.dev,pwd123
User5475,user5475@theotokus.dev,pwd123
User5476,user5476@theotokus.dev,pwd123
User5477,user5477@theotokus.dev,pwd123
User5478,user5478@theotokus.dev,pwd123
User5479,user5479@theotokus.dev,pwd123
User5480,user5480@theotokus.dev,pwd123
User5481,user5481@theotokus.dev,pwd123
User5482,user5482@theotokus.dev,pwd123
User5483,user5483@theotokus.dev,pwd123
User5484,user5484@theotokus.dev,pwd123
User5485,user5485@theotokus.dev,pwd123
User5486,user5486@theotokus.dev,pwd123
User5487,user5487@theotokus.dev,pwd123
User5488,user5488@theotokus.dev,pwd123
User5489,user5489@theotokus.dev,pwd123
User5490,user5490@theotokus.dev,pwd123
User5491,user5491@theotokus.dev,pwd123
User5492,user5492@theotokus.dev,pwd123
User5493,user5493@theotokus.dev,pwd123
User5494,user5494@theotokus.dev,pwd123
User5495,user5495@theotokus.dev,pwd123
User5496,user5496@theotokus.dev,pwd123
User5497,user5497@theotokus.dev,pwd123
User5498,user5498@theotokus.dev,pwd123
User5499,user5499@theotokus.dev,pwd123
User5500,user5500@theotokus.dev,pwd123
User5501,user5501@theotokus.dev,pwd123
User5502,user5502@theotokus.dev,pwd123
User5503,user5503@theotokus.dev,pwd123
User5504,user5504@theotokus.dev,pwd123
User5505,user5505@theotokus.dev,pwd123
User5506,user5506@theotokus.dev,pwd123
User5507,user5507@theotokus.dev,pwd123
User5508,user5508@theotokus.dev,pwd123
User5509,user5509@theotokus.dev,pwd123
User5510,user5510@theotokus.dev,pwd123
User5511,user5511@theotokus.dev,pwd123
User5512,user5512@theotokus.dev,pwd123
User5513,user5513@theotokus.dev,pwd123
User5514,user5514@theotokus.dev,pwd123
User5515,user5515@theotokus.dev,pwd123
User5516,user5516@theotokus.dev,pwd123
User5517,user5517@theotokus.dev,pwd123
User5518,user5518@theotokus.dev,pwd123
User5519,user5519@theotokus.dev,pwd123
User5520,user5520@theotokus.dev,pwd123
User5521,user5521@theotokus.dev,pwd123
User5522,user5522@theotokus.dev,pwd123
User5523,user5523@theotokus.dev,pwd123
User5524,user5524@theotokus.dev,pwd123
User5525,user5525@theotokus.dev,pwd123
User5526,user5526@theotokus.dev,pwd123
User5527,user5527@theotokus.dev,pwd123
User5528,user5528@theotokus.dev,pwd123
User5529,user5529@theotokus.dev,pwd123
User5530,user5530@theotokus.dev,pwd123
User5531,user5531@theotokus.dev,pwd123
User5532,user5532@theotokus.dev,pwd123
User5533,user5533@theotokus.dev,pwd123
User5534,user5534@theotokus.dev,pwd123
User5535,user5535@theotokus.dev,pwd123
User5536,user5536@theotokus.dev,pwd123
User5537,user5537@theotokus.dev,pwd123
User5538,user5538@theotokus.dev,pwd123
User5539,user5539@theotokus.dev,pwd123
User5540,user5540@theotokus.dev,pwd123
User5541,user5541@theotokus.dev,pwd123
User5542,user5542@theotokus.dev,pwd123
User5543,user5543@theotokus.dev,pwd123
User5544,user5544@theotokus.dev,pwd123
User5545,user5545@theotokus.dev,pwd123
User5546,user5546@theotokus.dev,pwd123
User5547,user5547@theotokus.dev,pwd123
User5548,user5548@theotokus.dev,pwd123
User5549,user5549@theotokus.dev,pwd123
User5550,user5550@theotokus.dev,pwd123
User5551,user5551@theotokus.dev,pwd123
User5552,user5552@theotokus.dev,pwd123
User5553,user5553@theotokus.dev,pwd123
User5554,user5554@theotokus.dev,pwd123
User5555,user5555@theotokus.dev,pwd123
User5556,user5556@theotokus.dev,pwd123
User5557,user5557@theotokus.dev,pwd123
User5558,user5558@theotokus.dev,pwd123
User5559,user5559@theotokus.dev,pwd123
User5560,user5560@theotokus.dev,pwd123
User5561,user5561@theotokus.dev,pwd123
User5562,user5562@theotokus.dev,pwd123
User5563,user5563@theotokus.dev,pwd123
User5564,user5564@theotokus.dev,pwd123
User5565,user5565@theotokus.dev,pwd123
User5566,user5566@theotokus.dev,pwd123
User5567,user5567@theotokus.dev,pwd123
User5568,user5568@theotokus.dev,pwd123
User5569,user5569@theotokus.dev,pwd123
User5570,user5570@theotokus.dev,pwd123
User5571,user5571@theotokus.dev,pwd123
User5572,user5572@theotokus.dev,pwd123
User5573,user5573@theotokus.dev,pwd123
User5574,user5574@theotokus.dev,pwd123
User5575,user5575@theotokus.dev,pwd123
User5576,user5576@theotokus.dev,pwd123
User5577,user5577@theotokus.dev,pwd123
User5578,user5578@theotokus.dev,pwd123
User5579,user5579@theotokus.dev,pwd123
User5580,user5580@theotokus.dev,pwd123
User5581,user5581@theotokus.dev,pwd123
User5582,user5582@theotokus.dev,pwd123
User5583,user5583@theotokus.dev,pwd123
User5584,user5584@theotokus.dev,pwd123
User5585,user5585@theotokus.dev,pwd123
User5586,user5586@theotokus.dev,pwd123
User5587,user5587@theotokus.dev,pwd123
User5588,user5588@theotokus.dev,pwd123
User5589,user5589@theotokus.dev,pwd123
User5590,user5590@theotokus.dev,pwd123
User5591,user5591@theotokus.dev,pwd123
User5592,user5592@theotokus.dev,pwd123
User5593,user5593@theotokus.dev,pwd123
User5594,user5594@theotokus.dev,pwd123
User5595,user5595@theotokus.dev,pwd123
User5596,user5596@theotokus.dev,pwd123
User5597,user5597@theotokus.dev,pwd123
User5598,user5598@theotokus.dev,pwd123
User5599,user5599@theotokus.dev,pwd123
User5600,user5600@theotokus.dev,pwd123
User5601,user5601@theotokus.dev,pwd123
User5602,user5602@theotokus.dev,pwd123
User5603,user5603@theotokus.dev,pwd123
User5604,user5604@theotokus.dev,pwd123
User5605,user5605@theotokus.dev,pwd123
User5606,user5606@theotokus.dev,pwd123
User5607,user5607@theotokus.dev,pwd123
User5608,user5608@theotokus.dev,pwd123
User5609,user5609@theotokus.dev,pwd123
User5610,user5610@theotokus.dev,pwd123
User5611,user5611@theotokus.dev,pwd123
User5612,user5612@theotokus.dev,pwd123
User5613,user5613@theotokus.dev,pwd123
User5614,user5614@theotokus.dev,pwd123
User5615,user5615@theotokus.dev,pwd123
User5616,user5616@theotokus.dev,pwd123
User5617,user5617@theotokus.dev,pwd123
User5618,user5618@theotokus.dev,pwd123
User5619,user5619@theotokus.dev,pwd123
User5620,user5620@theotokus.dev,pwd123
User5621,user5621@theotokus.dev,pwd123
User5622,user5622@theotokus.dev,pwd123
User5623,user5623@theotokus.dev,pwd123
User5624,user5624@theotokus.dev,pwd123
User5625,user5625@theotokus.dev,pwd123
User5626,user5626@theotokus.dev,pwd123
User5627,user5627@theotokus.dev,pwd123
User5628,user5628@theotokus.dev,pwd123
User5629,user5629@theotokus.dev,pwd123
User5630,user5630@theotokus.dev,pwd123
User5631,user5631@theotokus.dev,pwd123
User5632,user5632@theotokus.dev,pwd123
User5633,user5633@theotokus.dev,pwd123
User5634,user5634@theotokus.dev,pwd123
User5635,user5635@theotokus.dev,pwd123
User5636,user5636@theotokus.dev,pwd123
User5637,user5637@theotokus.dev,pwd123
User5638,user5638@theotokus.dev,pwd123
User5639,user5639@theotokus.dev,pwd123
User5640,user5640@theotokus.dev,pwd123
User5641,user5641@theotokus.dev,pwd123
User5642,user5642@theotokus.dev,pwd123
User5643,user5643@theotokus.dev,pwd123
User5644,user5644@theotokus.dev,pwd123
User5645,user5645@theotokus.dev,pwd123
User5646,user5646@theotokus.dev,pwd123
User5647,user5647@theotokus.dev,pwd123
User5648,user5648@theotokus.dev,pwd123
User5649,user5649@theotokus.dev,pwd123
User5650,user5650@theotokus.dev,pwd123
User5651,user5651@theotokus.dev,pwd123
User5652,user5652@theotokus.dev,pwd123
User5653,user5653@theotokus.dev,pwd123
User5654,user5654@theotokus.dev,pwd123
User5655,user5655@theotokus.dev,pwd123
User5656,user5656@theotokus.dev,pwd123
User5657,user5657@theotokus.dev,pwd123
User5658,user5658@theotokus.dev,pwd123
User5659,user5659@theotokus.dev,pwd123
User5660,user5660@theotokus.dev,pwd123
User5661,user5661@theotokus.dev,pwd123
User5662,user5662@theotokus.dev,pwd123
User5663,user5663@theotokus.dev,pwd123
User5664,user5664@theotokus.dev,pwd123
User5665,user5665@theotokus.dev,pwd123
User5666,user5666@theotokus.dev,pwd123
User5667,user5667@theotokus.dev,pwd123
User5668,user5668@theotokus.dev,pwd123
User5669,user5669@theotokus.dev,pwd123
User5670,user5670@theotokus.dev,pwd123
User5671,user5671@theotokus.dev,pwd123
User5672,user5672@theotokus.dev,pwd123
User5673,user5673@theotokus.dev,pwd123
User5674,user5674@theotokus.dev,pwd123
User5675,user5675@theotokus.dev,pwd123
User5676,user5676@theotokus.dev,pwd123
User5677,user5677@theotokus.dev,pwd123
User5678,user5678@theotokus.dev,pwd123
User5679,user5679@theotokus.dev,pwd123
User5680,user5680@theotokus.dev,pwd123
User5681,user5681@theotokus.dev,pwd123
User5682,user5682@theotokus.dev,pwd123
User5683,user5683@theotokus.dev,pwd123
User5684,user5684@theotokus.dev,pwd123
User5685,user5685@theotokus.dev,pwd123
User5686,user5686@theotokus.dev,pwd123
User5687,user5687@theotokus.dev,pwd123
User5688,user5688@theotokus.dev,pwd123
User5689,user5689@theotokus.dev,pwd123
User5690,user5690@theotokus.dev,pwd123
User5691,user5691@theotokus.dev,pwd123
User5692,user5692@theotokus.dev,pwd123
User5693,user5693@theotokus.dev,pwd123
User5694,user5694@theotokus.dev,pwd123
User5695,user5695@theotokus.dev,pwd123
User5696,user5696@theotokus.dev,pwd123
User5697,user5697@theotokus.dev,pwd123
User5698,user5698@theotokus.dev,pwd123
User5699,user5699@theotokus.dev,pwd123
User5700,user5700@theotokus.dev,pwd123
User5701,user5701@theotokus.dev,pwd123
User5702,user5702@theotokus.dev,pwd123
User5703,user5703@theotokus.dev,pwd123
User5704,user5704@theotokus.dev,pwd123
User5705,user5705@theotokus.dev,pwd123
User5706,user5706@theotokus.dev,pwd123
User5707,user5707@theotokus.dev,pwd123
User5708,user5708@theotokus.dev,pwd123
User5709,user5709@theotokus.dev,pwd123
User5710,user5710@theotokus.dev,pwd123
User5711,user5711@theotokus.dev,pwd123
User5712,user5712@theotokus.dev,pwd123
User5713,user5713@theotokus.dev,pwd123
User5714,user5714@theotokus.dev,pwd123
User5715,user5715@theotokus.dev,pwd123
User5716,user5716@theotokus.dev,pwd123
User5717,user5717@theotokus.dev,pwd123
User5718,user5718@theotokus.dev,pwd123
User5719,user5719@theotokus.dev,pwd123
User5720,user5720@theotokus.dev,pwd123
User5721,user5721@theotokus.dev,pwd123
User5722,user5722@theotokus.dev,pwd123
User5723,user5723@theotokus.dev,pwd123
User5724,user5724@theotokus.dev,pwd123
User5725,user5725@theotokus.dev,pwd123
User5726,user5726@theotokus.dev,pwd123
User5727,user5727@theotokus.dev,pwd123
User5728,user5728@theotokus.dev,pwd123
User5729,user5729@theotokus.dev,pwd123
User5730,user5730@theotokus.dev,pwd123
User5731,user5731@theotokus.dev,pwd123
User5732,user5732@theotokus.dev,pwd123
User5733,user5733@theotokus.dev,pwd123
User5734,user5734@theotokus.dev,pwd123
User5735,user5735@theotokus.dev,pwd123
User5736,user5736@theotokus.dev,pwd123
User5737,user5737@theotokus.dev,pwd123
User5738,user5738@theotokus.dev,pwd123
User5739,user5739@theotokus.dev,pwd123
User5740,user5740@theotokus.dev,pwd123
User5741,user5741@theotokus.dev,pwd123
User5742,user5742@theotokus.dev,pwd123
User5743,user5743@theotokus.dev,pwd123
User5744,user5744@theotokus.dev,pwd123
User5745,user5745@theotokus.dev,pwd123
User5746,user5746@theotokus.dev,pwd123
User5747,user5747@theotokus.dev,pwd123
User5748,user5748@theotokus.dev,pwd123
User5749,user5749@theotokus.dev,pwd123
User5750,user5750@theotokus.dev,pwd123
User5751,user5751@theotokus.dev,pwd123
User5752,user5752@theotokus.dev,pwd123
User5753,user5753@theotokus.dev,pwd123
User5754,user5754@theotokus.dev,pwd123
User5755,user5755@theotokus.dev,pwd123
User5756,user5756@theotokus.dev,pwd123
User5757,user5757@theotokus.dev,pwd123
User5758,user5758@theotokus.dev,pwd123
User5759,user5759@theotokus.dev,pwd123
User5760,user5760@theotokus.dev,pwd123
User5761,user5761@theotokus.dev,pwd123
User5762,user5762@theotokus.dev,pwd123
User5763,user5763@theotokus.dev,pwd123
User5764,user5764@theotokus.dev,pwd123
User5765,user5765@theotokus.dev,pwd123
User5766,user5766@theotokus.dev,pwd123
User5767,user5767@theotokus.dev,pwd123
User5768,user5768@theotokus.dev,pwd123
User5769,user5769@theotokus.dev,pwd123
User5770,user5770@theotokus.dev,pwd123
User5771,user5771@theotokus.dev,pwd123
User5772,user5772@theotokus.dev,pwd123
User5773,user5773@theotokus.dev,pwd123
User5774,user5774@theotokus.dev,pwd123
User5775,user5775@theotokus.dev,pwd123
User5776,user5776@theotokus.dev,pwd123
User5777,user5777@theotokus.dev,pwd123
User5778,user5778@theotokus.dev,pwd123
User5779,user5779@theotokus.dev,pwd123
User5780,user5780@theotokus.dev,pwd123
User5781,user5781@theotokus.dev,pwd123
User5782,user5782@theotokus.dev,pwd123
User5783,user5783@theotokus.dev,pwd123
User5784,user5784@theotokus.dev,pwd123
User5785,user5785@theotokus.dev,pwd123
User5786,user5786@theotokus.dev,pwd123
User5787,user5787@theotokus.dev,pwd123
User5788,user5788@theotokus.dev,pwd123
User5789,user5789@theotokus.dev,pwd123
User5790,user5790@theotokus.dev,pwd123
User5791,user5791@theotokus.dev,pwd123
User5792,user5792@theotokus.dev,pwd123
User5793,user5793@theotokus.dev,pwd123
User5794,user5794@theotokus.dev,pwd123
User5795,user5795@theotokus.dev,pwd123
User5796,user5796@theotokus.dev,pwd123
User5797,user5797@theotokus.dev,pwd123
User5798,user5798@theotokus.dev,pwd123
User5799,user5799@theotokus.dev,pwd123
User5800,user5800@theotokus.dev,pwd123
User5801,user5801@theotokus.dev,pwd123
User5802,user5802@theotokus.dev,pwd123
User5803,user5803@theotokus.dev,pwd123
User5804,user5804@theotokus.dev,pwd123
User5805,user5805@theotokus.dev,pwd123
User5806,user5806@theotokus.dev,pwd123
User5807,user5807@theotokus.dev,pwd123
User5808,user5808@theotokus.dev,pwd123
User5809,user5809@theotokus.dev,pwd123
User5810,user5810@theotokus.dev,pwd123
User5811,user5811@theotokus.dev,pwd123
User5812,user5812@theotokus.dev,pwd123
User5813,user5813@theotokus.dev,pwd123
User5814,user5814@theotokus.dev,pwd123
User5815,user5815@theotokus.dev,pwd123
User5816,user5816@theotokus.dev,pwd123
User5817,user5817@theotokus.dev,pwd123
User5818,user5818@theotokus.dev,pwd123
User5819,user5819@theotokus.dev,pwd123
User5820,user5820@theotokus.dev,pwd123
User5821,user5821@theotokus.dev,pwd123
User5822,user5822@theotokus.dev,pwd123
User5823,user5823@theotokus.dev,pwd123
User5824,user5824@theotokus.dev,pwd123
User5825,user5825@theotokus.dev,pwd123
User5826,user5826@theotokus.dev,pwd123
User5827,user5827@theotokus.dev,pwd123
User5828,user5828@theotokus.dev,pwd123
User5829,user5829@theotokus.dev,pwd123
User5830,user5830@theotokus.dev,pwd123
User5831,user5831@theotokus.dev,pwd123
User5832,user5832@theotokus.dev,pwd123
User5833,user5833@theotokus.dev,pwd123
User5834,user5834@theotokus.dev,pwd123
User5835,user5835@theotokus.dev,pwd123
User5836,user5836@theotokus.dev,pwd123
User5837,user5837@theotokus.dev,pwd123
User5838,user5838@theotokus.dev,pwd123
User5839,user5839@theotokus.dev,pwd123
User5840,user5840@theotokus.dev,pwd123
User5841,user5841@theotokus.dev,pwd123
User5842,user5842@theotokus.dev,pwd123
User5843,user5843@theotokus.dev,pwd123
User5844,user5844@theotokus.dev,pwd123
User5845,user5845@theotokus.dev,pwd123
User5846,user5846@theotokus.dev,pwd123
User5847,user5847@theotokus.dev,pwd123
User5848,user5848@theotokus.dev,pwd123
User5849,user5849@theotokus.dev,pwd123
User5850,user5850@theotokus.dev,pwd123
User5851,user5851@theotokus.dev,pwd123
User5852,user5852@theotokus.dev,pwd123
User5853,user5853@theotokus.dev,pwd123
User5854,user5854@theotokus.dev,pwd123
User5855,user5855@theotokus.dev,pwd123
User5856,user5856@theotokus.dev,pwd123
User5857,user5857@theotokus.dev,pwd123
User5858,user5858@theotokus.dev,pwd123
User5859,user5859@theotokus.dev,pwd123
User5860,user5860@theotokus.dev,pwd123
User5861,user5861@theotokus.dev,pwd123
User5862,user5862@theotokus.dev,pwd123
User5863,user5863@theotokus.dev,pwd123
User5864,user5864@theotokus.dev,pwd123
User5865,user5865@theotokus.dev,pwd123
User5866,user5866@theotokus.dev,pwd123
User5867,user5867@theotokus.dev,pwd123
User5868,user5868@theotokus.dev,pwd123
User5869,user5869@theotokus.dev,pwd123
User5870,user5870@theotokus.dev,pwd123
User5871,user5871@theotokus.dev,pwd123
User5872,user5872@theotokus.dev,pwd123
User5873,user5873@theotokus.dev,pwd123
User5874,user5874@theotokus.dev,pwd123
User5875,user5875@theotokus.dev,pwd123
User5876,user5876@theotokus.dev,pwd123
User5877,user5877@theotokus.dev,pwd123
User5878,user5878@theotokus.dev,pwd123
User5879,user5879@theotokus.dev,pwd123
User5880,user5880@theotokus.dev,pwd123
User5881,user5881@theotokus.dev,pwd123
User5882,user5882@theotokus.dev,pwd123
User5883,user5883@theotokus.dev,pwd123
User5884,user5884@theotokus.dev,pwd123
User5885,user5885@theotokus.dev,pwd123
User5886,user5886@theotokus.dev,pwd123
User5887,user5887@theotokus.dev,pwd123
User5888,user5888@theotokus.dev,pwd123
User5889,user5889@theotokus.dev,pwd123
User5890,user5890@theotokus.dev,pwd123
User5891,user5891@theotokus.dev,pwd123
User5892,user5892@theotokus.dev,pwd123
User5893,user5893@theotokus.dev,pwd123
User5894,user5894@theotokus.dev,pwd123
User5895,user5895@theotokus.dev,pwd123
User5896,user5896@theotokus.dev,pwd123
User5897,user5897@theotokus.dev,pwd123
User5898,user5898@theotokus.dev,pwd123
User5899,user5899@theotokus.dev,pwd123
User5900,user5900@theotokus.dev,pwd123
User5901,user5901@theotokus.dev,pwd123
User5902,user5902@theotokus.dev,pwd123
User5903,user5903@theotokus.dev,pwd123
User5904,user5904@theotokus.dev,pwd123
User5905,user5905@theotokus.dev,pwd123
User5906,user5906@theotokus.dev,pwd123
User5907,user5907@theotokus.dev,pwd123
User5908,user5908@theotokus.dev,pwd123
User5909,user5909@theotokus.dev,pwd123
User5910,user5910@theotokus.dev,pwd123
User5911,user5911@theotokus.dev,pwd123
User5912,user5912@theotokus.dev,pwd123
User5913,user5913@theotokus.dev,pwd123
User5914,user5914@theotokus.dev,pwd123
User5915,user5915@theotokus.dev,pwd123
User5916,user5916@theotokus.dev,pwd123
User5917,user5917@theotokus.dev,pwd123
User5918,user5918@theotokus.dev,pwd123
User5919,user5919@theotokus.dev,pwd123
User5920,user5920@theotokus.dev,pwd123
User5921,user5921@theotokus.dev,pwd123
User5922,user5922@theotokus.dev,pwd123
User5923,user5923@theotokus.dev,pwd123
User5924,user5924@theotokus.dev,pwd123
User5925,user5925@theotokus.dev,pwd123
User5926,user5926@theotokus.dev,pwd123
User5927,user5927@theotokus.dev,pwd123
User5928,user5928@theotokus.dev,pwd123
User5929,user5929@theotokus.dev,pwd123
User5930,user5930@theotokus.dev,pwd123
User5931,user5931@theotokus.dev,pwd123
User5932,user5932@theotokus.dev,pwd123
User5933,user5933@theotokus.dev,pwd123
User5934,user5934@theotokus.dev,pwd123
User5935,user5935@theotokus.dev,pwd123
User5936,user5936@theotokus.dev,pwd123
User5937,user5937@theotokus.dev,pwd123
User5938,user5938@theotokus.dev,pwd123
User5939,user5939@theotokus.dev,pwd123
User5940,user5940@theotokus.dev,pwd123
User5941,user5941@theotokus.dev,pwd123
User5942,user5942@theotokus.dev,pwd123
User5943,user5943@theotokus.dev,pwd123
User5944,user5944@theotokus.dev,pwd123
User5945,user5945@theotokus.dev,pwd123
User5946,user5946@theotokus.dev,pwd123
User5947,user5947@theotokus.dev,pwd123
User5948,user5948@theotokus.dev,pwd123
User5949,user5949@theotokus.dev,pwd123
User5950,user5950@theotokus.dev,pwd123
User5951,user5951@theotokus.dev,pwd123
User5952,user5952@theotokus.dev,pwd123
User5953,user5953@theotokus.dev,pwd123
User5954,user5954@theotokus.dev,pwd123
User5955,user5955@theotokus.dev,pwd123
User5956,user5956@theotokus.dev,pwd123
User5957,user5957@theotokus.dev,pwd123
User5958,user5958@theotokus.dev,pwd123
User5959,user5959@theotokus.dev,pwd123
User5960,user5960@theotokus.dev,pwd123
User5961,user5961@theotokus.dev,pwd123
User5962,user5962@theotokus.dev,pwd123
User5963,user5963@theotokus.dev,pwd123
User5964,user5964@theotokus.dev,pwd123
User5965,user5965@theotokus.dev,pwd123
User5966,user5966@theotokus.dev,pwd123
User5967,user5967@theotokus.dev,pwd123
User5968,user5968@theotokus.dev,pwd123
User5969,user5969@theotokus.dev,pwd123
User5970,user5970@theotokus.dev,pwd123
User5971,user5971@theotokus.dev,pwd123
User5972,user5972@theotokus.dev,pwd123
User5973,user5973@theotokus.dev,pwd123
User5974,user5974@theotokus.dev,pwd123
User5975,user5975@theotokus.dev,pwd123
User5976,user5976@theotokus.dev,pwd123
User5977,user5977@theotokus.dev,pwd123
User5978,user5978@theotokus.dev,pwd123
User5979,user5979@theotokus.dev,pwd123
User5980,user5980@theotokus.dev,pwd123
User5981,user5981@theotokus.dev,pwd123
User5982,user5982@theotokus.dev,pwd123
User5983,user5983@theotokus.dev,pwd123
User5984,user5984@theotokus.dev,pwd123
User5985,user5985@theotokus.dev,pwd123
User5986,user5986@theotokus.dev,pwd123
User5987,user5987@theotokus.dev,pwd123
User5988,user5988@theotokus.dev,pwd123
User5989,user5989@theotokus.dev,pwd123
User5990,user5990@theotokus.dev,pwd123
User5991,user5991@theotokus.dev,pwd123
User5992,user5992@theotokus.dev,pwd123
User5993,user5993@theotokus.dev,pwd123
User5994,user5994@theotokus.dev,pwd123
User5995,user5995@theotokus.dev,pwd123
User5996,user5996@theotokus.dev,pwd123
User5997,user5997@theotokus.dev,pwd123
User5998,user5998@theotokus.dev,pwd123
User5999,user5999@theotokus.dev,pwd123
User6000,user6000@theotokus.dev,pwd123